"SNP","P-value","-Log10(p-value)","MAF","nobs","H.B.P.Value","Effect","Pos"
"EH23b.chr4_70745833","1.38e-22","21.86","0.491",270,"1.29e-17","-1.056","70,745,833"
"EH23b.chr7_1328482","1.77e-21","20.75","0.478",270,"8.23e-17","-0.358"," 1,328,482"
"EH23b.chr4_72901377","3.67e-08"," 7.44","0.489",270,"1.14e-03","-0.596","72,901,377"
"EH23b.chr4_38647277","1.73e-07"," 6.76","0.470",270,"4.03e-03"," 0.432","38,647,277"
"EH23b.chr9_19073741","4.13e-07"," 6.38","0.483",270,"6.93e-03"," 0.282","19,073,741"
"EH23b.chr6_20810261","4.46e-07"," 6.35","0.437",270,"6.93e-03"," 0.349","20,810,261"
"EH23b.chr4_71739176","6.31e-07"," 6.20","0.498",270,"7.32e-03","-0.510","71,739,176"
"EH23b.chr4_34031465","6.33e-07"," 6.20","0.476",270,"7.32e-03"," 0.537","34,031,465"
"EH23b.chr4_71841152","7.06e-07"," 6.15","0.493",270,"7.32e-03","-0.496","71,841,152"
"EH23b.chr4_65052843","1.42e-06"," 5.85","0.487",270,"1.32e-02"," 0.578","65,052,843"
