Id,Win_number,Start,End,Win_length,A,C,G,T,CG,CHG,CHH
TWSVa.chr1,0,0,999999,1000000,342615,170167,184732,302486,21824,14147,89644
TWSVa.chr1,1,1000000,1999999,1000000,340223,166834,182539,310404,21944,16069,90925
TWSVa.chr1,2,2000000,2999999,1000000,335495,164668,163137,336500,14418,20568,94323
TWSVa.chr1,3,3000000,3999999,1000000,333840,167851,166249,332060,15468,21899,94364
TWSVa.chr1,4,4000000,4999999,1000000,324675,172910,173052,329263,17431,22862,95272
TWSVa.chr1,5,5000000,5999999,1000000,332528,170770,165743,330959,15916,21574,95781
TWSVa.chr1,6,6000000,6999999,1000000,335200,169781,167906,327113,16477,22505,94290
TWSVa.chr1,7,7000000,7999999,1000000,331663,165329,167788,335220,15973,20879,92953
TWSVa.chr1,8,8000000,8999999,1000000,333293,165245,164241,337221,16404,21288,92375
TWSVa.chr1,9,9000000,9999999,1000000,329734,165281,168637,336348,16482,20743,93034
TWSVa.chr1,10,10000000,10999999,1000000,331577,170768,165074,332581,17023,21003,94612
TWSVa.chr1,11,11000000,11999999,1000000,333319,165247,165935,335499,15677,20932,93318
TWSVa.chr1,12,12000000,12999999,1000000,325180,172069,172854,329897,17984,23176,94432
TWSVa.chr1,13,13000000,13999999,1000000,331321,166338,168115,334226,16938,21957,92188
TWSVa.chr1,14,14000000,14999999,1000000,336232,165880,163053,334835,15798,21568,93078
TWSVa.chr1,15,15000000,15999999,1000000,335217,169232,164223,331328,17535,21674,93740
TWSVa.chr1,16,16000000,16999999,1000000,335288,168542,167495,328675,16678,21960,93767
TWSVa.chr1,17,17000000,17999999,1000000,341053,166266,157149,335532,15756,20572,93940
TWSVa.chr1,18,18000000,18999999,1000000,336232,165506,163633,334629,16788,21486,92266
TWSVa.chr1,19,19000000,19999999,1000000,334709,162835,167024,335432,15477,20702,92276
TWSVa.chr1,20,20000000,20999999,1000000,332333,165578,168691,333398,16933,22300,91622
TWSVa.chr1,21,21000000,21999999,1000000,327481,170454,173084,328981,19134,23532,92632
TWSVa.chr1,22,22000000,22999999,1000000,336741,165202,168176,329881,15761,22097,92763
TWSVa.chr1,23,23000000,23999999,1000000,339564,172543,164408,323485,18595,23299,94466
TWSVa.chr1,24,24000000,24999999,1000000,322828,172054,176140,328978,19916,24331,92176
TWSVa.chr1,25,25000000,25999999,1000000,325706,175778,173579,324937,19242,24977,94854
TWSVa.chr1,26,26000000,26999999,1000000,327843,170450,171989,329718,17751,23951,93234
TWSVa.chr1,27,27000000,27999999,1000000,316332,181230,184251,318187,20987,27898,95410
TWSVa.chr1,28,28000000,28999999,1000000,324823,177471,174251,323455,20159,27751,93991
TWSVa.chr1,29,29000000,29999999,1000000,309809,196864,191251,302076,24005,32678,98583
TWSVa.chr1,30,30000000,30999999,1000000,324212,174646,173342,327700,18676,23640,95026
TWSVa.chr1,31,31000000,31999999,1000000,336413,173040,164335,326112,17671,24013,94946
TWSVa.chr1,32,32000000,32999999,1000000,327828,173611,172666,325895,18632,23966,94414
TWSVa.chr1,33,33000000,33999999,1000000,327594,170983,171693,329730,18962,23321,93011
TWSVa.chr1,34,34000000,34999999,1000000,329607,169746,171011,329636,18025,23697,92475
TWSVa.chr1,35,35000000,35999999,1000000,329280,167786,169593,333341,17924,23715,91168
TWSVa.chr1,36,36000000,36999999,1000000,328004,166040,169238,336718,16876,22572,91911
TWSVa.chr1,37,37000000,37999999,1000000,332176,175009,170982,321833,19090,23032,95296
TWSVa.chr1,38,38000000,38999999,1000000,338881,162787,162395,335937,15500,20647,92251
TWSVa.chr1,39,39000000,39999999,1000000,330244,166965,171124,331667,18291,22329,91229
TWSVa.chr1,40,40000000,40999999,1000000,332913,167040,165662,334385,16966,22303,92547
TWSVa.chr1,41,41000000,41999999,1000000,335539,164680,162185,337596,16693,20742,92299
TWSVa.chr1,42,42000000,42999999,1000000,334021,164613,165814,335552,15378,21462,92705
TWSVa.chr1,43,43000000,43999999,1000000,338871,162257,164469,334403,15865,20911,91071
TWSVa.chr1,44,44000000,44999999,1000000,341320,164416,164324,329840,17286,21820,91162
TWSVa.chr1,45,45000000,45999999,1000000,340946,162255,163104,333695,16652,21561,90195
TWSVa.chr1,46,46000000,46999999,1000000,330936,168023,168713,332328,17675,23313,92139
TWSVa.chr1,47,47000000,47999999,1000000,340873,166464,162678,329985,16165,21669,93375
TWSVa.chr1,48,48000000,48999999,1000000,335939,161757,164068,338236,15885,21014,91294
TWSVa.chr1,49,49000000,49999999,1000000,339848,161746,158774,339632,14761,20347,92156
TWSVa.chr1,50,50000000,50999999,1000000,333280,164373,165549,336798,17486,22029,90623
TWSVa.chr1,51,51000000,51999999,1000000,341957,164371,158362,335310,15391,21171,92816
TWSVa.chr1,52,52000000,52999999,1000000,335962,161077,163797,339164,15739,21002,90672
TWSVa.chr1,53,53000000,53999999,1000000,340096,164672,162426,332806,16910,21841,91552
TWSVa.chr1,54,54000000,54999999,1000000,338492,159773,163183,338552,15482,21453,90210
TWSVa.chr1,55,55000000,55999999,1000000,340621,160439,159794,339146,15620,20891,90363
TWSVa.chr1,56,56000000,56999999,1000000,339609,160807,161532,338052,15091,21473,90875
TWSVa.chr1,57,57000000,57999999,1000000,341503,158453,157699,342345,14691,20182,90361
TWSVa.chr1,58,58000000,58999999,1000000,343918,159040,159349,337693,15393,20142,90450
TWSVa.chr1,59,59000000,59999999,1000000,338857,158058,161114,341971,15960,20953,88979
TWSVa.chr1,60,60000000,60999999,1000000,344379,157793,155736,342092,14895,20455,89625
TWSVa.chr1,61,61000000,61999999,1000000,340718,159916,157097,342269,14492,20956,91023
TWSVa.chr1,62,62000000,62999999,1000000,343448,161167,158359,337026,14329,21122,91855
TWSVa.chr1,63,63000000,63999999,1000000,340754,157488,159792,341966,14998,20636,89156
TWSVa.chr1,64,64000000,64999999,1000000,345316,159912,155372,339400,13292,20201,92269
TWSVa.chr1,65,65000000,65999999,1000000,345691,153280,153189,347840,13492,18759,88924
TWSVa.chr1,66,66000000,66999999,1000000,346922,151964,151887,349227,13328,18900,87845
TWSVa.chr1,67,67000000,67506597,506597,168678,82385,84588,170946,7026,10444,46885
TWSVa.chr5,0,0,999999,1000000,334958,168945,172693,323404,20916,16988,91907
TWSVa.chr5,1,1000000,1999999,1000000,329554,168413,160760,341273,16426,17061,93669
TWSVa.chr5,2,2000000,2999999,1000000,342527,152893,158160,346320,14037,18386,88832
TWSVa.chr5,3,3000000,3999999,1000000,341295,161377,161536,335792,15258,19382,92152
TWSVa.chr5,4,4000000,4999999,1000000,334119,162109,164582,339190,16626,20651,90850
TWSVa.chr5,5,5000000,5999999,1000000,332078,165498,167276,335148,15792,21193,93012
TWSVa.chr5,6,6000000,6999999,1000000,332528,168045,169937,329490,16333,21903,94061
TWSVa.chr5,7,7000000,7999999,1000000,333492,168080,169776,328652,16803,22273,93269
TWSVa.chr5,8,8000000,8999999,1000000,327627,168249,172398,331726,16237,22651,93055
TWSVa.chr5,9,9000000,9999999,1000000,329786,170588,170246,329380,16809,22336,94696
TWSVa.chr5,10,10000000,10999999,1000000,336668,168831,165503,328898,16337,20919,94727
TWSVa.chr5,11,11000000,11999999,1000000,332855,164290,166817,335938,15461,20507,93226
TWSVa.chr5,12,12000000,12999999,1000000,334476,167913,169301,328210,16334,22110,94105
TWSVa.chr5,13,13000000,13999999,1000000,331435,165973,168240,334352,16360,21345,93008
TWSVa.chr5,14,14000000,14999999,1000000,327176,169412,171078,332334,17803,22473,93639
TWSVa.chr5,15,15000000,15999999,1000000,331101,170535,170164,328200,17645,23514,93240
TWSVa.chr5,16,16000000,16999999,1000000,332241,169858,167267,330634,17196,22806,94188
TWSVa.chr5,17,17000000,17999999,1000000,321721,181549,175873,320857,20505,27171,96224
TWSVa.chr5,18,18000000,18999999,1000000,325095,171254,170266,333385,17556,22934,94305
TWSVa.chr5,19,19000000,19999999,1000000,330352,166984,167023,335641,16213,21948,93341
TWSVa.chr5,20,20000000,20999999,1000000,329603,166837,169079,334481,16100,21466,93533
TWSVa.chr5,21,21000000,21999999,1000000,331418,165408,168514,334660,16538,21921,92249
TWSVa.chr5,22,22000000,22999999,1000000,333708,170781,166933,328578,16622,22489,95134
TWSVa.chr5,23,23000000,23999999,1000000,328035,172813,170561,328491,17657,23352,95006
TWSVa.chr5,24,24000000,24999999,1000000,330784,169997,169252,329967,16886,22772,94369
TWSVa.chr5,25,25000000,25999999,1000000,323957,177077,175114,323852,19489,25093,95523
TWSVa.chr5,26,26000000,26999999,1000000,335484,166223,166954,331239,16602,22100,92278
TWSVa.chr5,27,27000000,27999999,1000000,323882,169209,172842,334067,17500,23765,93036
TWSVa.chr5,28,28000000,28999999,1000000,330813,170034,171303,327850,17916,23372,93265
TWSVa.chr5,29,29000000,29999999,1000000,328582,167897,168104,335417,16047,22166,93941
TWSVa.chr5,30,30000000,30999999,1000000,330597,172821,171123,325459,18326,24670,94040
TWSVa.chr5,31,31000000,31999999,1000000,322502,174300,178120,325078,19306,25321,93657
TWSVa.chr5,32,32000000,32999999,1000000,326871,178061,172786,322282,19519,27181,95096
TWSVa.chr5,33,33000000,33999999,1000000,316869,230265,201482,251384,30250,43115,106331
TWSVa.chr5,34,34000000,34999999,1000000,302374,248117,218807,230702,34501,51925,109239
TWSVa.chr5,35,35000000,35999999,1000000,314495,180035,185908,319562,20770,28465,94210
TWSVa.chr5,36,36000000,36999999,1000000,317018,177653,178294,327035,20629,26498,94098
TWSVa.chr5,37,37000000,37999999,1000000,317777,174641,180301,327281,19557,26081,93261
TWSVa.chr5,38,38000000,38999999,1000000,324391,179676,176136,319797,20011,26653,95743
TWSVa.chr5,39,39000000,39999999,1000000,330410,170019,168138,331433,17269,24041,93368
TWSVa.chr5,40,40000000,40999999,1000000,314906,183292,181926,319876,21428,27582,96428
TWSVa.chr5,41,41000000,41999999,1000000,324050,174220,174929,326801,18963,25342,94168
TWSVa.chr5,42,42000000,42999999,1000000,328826,170752,172714,327708,18447,24820,92100
TWSVa.chr5,43,43000000,43999999,1000000,334908,169973,165525,329494,17073,22748,94262
TWSVa.chr5,44,44000000,44999999,1000000,326564,171024,172274,330138,17795,23725,93637
TWSVa.chr5,45,45000000,45999999,1000000,321683,172280,177947,328090,18226,24258,93721
TWSVa.chr5,46,46000000,46999999,1000000,330463,172041,170017,327479,17555,23614,94403
TWSVa.chr5,47,47000000,47999999,1000000,332558,168824,166567,332051,16433,21377,94624
TWSVa.chr5,48,48000000,48999999,1000000,325941,174329,172859,326871,18270,24126,94870
TWSVa.chr5,49,49000000,49999999,1000000,325656,173391,170658,330295,18249,23530,94899
TWSVa.chr5,50,50000000,50999999,1000000,328931,173835,169191,328043,16352,22995,96812
TWSVa.chr5,51,51000000,51999999,1000000,325146,174491,173582,326781,18630,24873,94438
TWSVa.chr5,52,52000000,52999999,1000000,321465,177058,179548,321929,20116,26249,94035
TWSVa.chr5,53,53000000,53999999,1000000,327514,171377,172551,328558,18436,23286,93920
TWSVa.chr5,54,54000000,54999999,1000000,328588,172421,170438,328553,17458,23811,94715
TWSVa.chr5,55,55000000,55999999,1000000,332913,164954,167667,334466,16499,22383,91390
TWSVa.chr5,56,56000000,56999999,1000000,329923,174339,169794,325944,17069,23009,96832
TWSVa.chr5,57,57000000,57999999,1000000,330064,173803,174020,322113,19009,25085,93489
TWSVa.chr5,58,58000000,58999999,1000000,331267,163687,170427,334619,16075,21803,91363
TWSVa.chr5,59,59000000,59999999,1000000,337855,164690,166003,331452,15504,20615,93172
TWSVa.chr5,60,60000000,60999999,1000000,332400,172014,165105,330481,17255,22724,95375
TWSVa.chr5,61,61000000,61999999,1000000,334542,164426,165284,335748,16198,20916,92363
TWSVa.chr5,62,62000000,62999999,1000000,334522,166927,165117,333334,15919,21103,93899
TWSVa.chr5,63,63000000,63999999,1000000,327890,172937,167386,331787,17158,22964,95446
TWSVa.chr5,64,64000000,64999999,1000000,330281,164074,166602,339043,16297,21125,91916
TWSVa.chr5,65,65000000,65999999,1000000,326826,170083,170128,332863,17124,22363,94232
TWSVa.chr5,66,66000000,66999999,1000000,329769,170540,172709,326882,17565,22288,94139
TWSVa.chr5,67,67000000,67999999,1000000,335433,163764,160561,340142,15466,20528,92526
TWSVa.chr5,68,68000000,68999999,1000000,339889,164360,161112,334639,15990,20642,92558
TWSVa.chr5,69,69000000,69999999,1000000,337154,162722,162993,337031,16722,20605,90976
TWSVa.chr5,70,70000000,70999999,1000000,332938,167824,168710,330528,17975,23221,91823
TWSVa.chr5,71,71000000,71999999,1000000,330070,171483,169332,329115,18315,22334,94053
TWSVa.chr5,72,72000000,72999999,1000000,337103,164560,161546,336791,15107,21133,93290
TWSVa.chr5,73,73000000,73999999,1000000,338104,155160,161886,344850,13942,19846,88804
TWSVa.chr5,74,74000000,74999999,1000000,343085,159953,156544,340418,14561,19005,91605
TWSVa.chr5,75,75000000,75999999,1000000,346270,156571,153153,344006,14227,18453,90480
TWSVa.chr5,76,76000000,76999999,1000000,351899,147906,147499,352696,13310,16769,86657
TWSVa.chr5,77,77000000,77999999,1000000,339562,161757,149501,349180,17721,15379,90484
TWSVa.chr5,78,78000000,78999999,1000000,320714,172579,162640,344067,18769,16484,93274
TWSVa.chr5,79,79000000,79999999,1000000,297468,189799,167641,345092,24107,13546,96015
TWSVa.chr5,80,80000000,80421483,421483,124713,80765,70912,145093,10465,5798,40724
TWSVa.chr2,0,0,999999,1000000,347553,178553,182251,291643,22530,16012,90847
TWSVa.chr2,1,1000000,1999999,1000000,340764,164942,178245,316049,20784,17804,89749
TWSVa.chr2,2,2000000,2999999,1000000,343157,156056,157739,343048,14210,18321,91009
TWSVa.chr2,3,3000000,3999999,1000000,340544,158941,159867,340648,14851,19406,90818
TWSVa.chr2,4,4000000,4999999,1000000,333991,162785,167411,335813,15124,20621,92772
TWSVa.chr2,5,5000000,5999999,1000000,341585,156597,157534,344284,14226,19057,90880
TWSVa.chr2,6,6000000,6999999,1000000,336080,164497,163052,336371,14848,20832,93309
TWSVa.chr2,7,7000000,7999999,1000000,336203,166991,166283,330523,15918,21970,93561
TWSVa.chr2,8,8000000,8999999,1000000,332156,167447,170619,329778,16297,22229,93100
TWSVa.chr2,9,9000000,9999999,1000000,335067,159650,159309,345974,14651,20459,91479
TWSVa.chr2,10,10000000,10999999,1000000,334443,165929,164878,334750,15539,21865,93355
TWSVa.chr2,11,11000000,11999999,1000000,327309,174977,174441,323273,18833,23819,95310
TWSVa.chr2,12,12000000,12999999,1000000,330298,166412,171306,331884,15793,22237,93064
TWSVa.chr2,13,13000000,13999999,1000000,329906,171755,169664,328675,17724,23142,94401
TWSVa.chr2,14,14000000,14999999,1000000,326316,173778,169056,330850,16888,22815,96579
TWSVa.chr2,15,15000000,15999999,1000000,334977,171746,167782,325495,16584,21994,95785
TWSVa.chr2,16,16000000,16999999,1000000,335084,162518,165150,337248,16009,21001,91533
TWSVa.chr2,17,17000000,17999999,1000000,334330,170208,164404,331058,16374,22780,94882
TWSVa.chr2,18,18000000,18999999,1000000,332333,167167,166897,333603,15414,21354,94666
TWSVa.chr2,19,19000000,19999999,1000000,325198,172570,172975,329257,18307,24658,93383
TWSVa.chr2,20,20000000,20999999,1000000,326550,171118,171305,331027,17213,23132,94338
TWSVa.chr2,21,21000000,21999999,1000000,329219,171706,169798,329277,16493,23441,95320
TWSVa.chr2,22,22000000,22999999,1000000,324654,177127,176967,321252,18962,25186,95749
TWSVa.chr2,23,23000000,23999999,1000000,324508,168515,177780,329197,18245,24206,91163
TWSVa.chr2,24,24000000,24999999,1000000,325828,170050,172007,332115,18198,24412,92008
TWSVa.chr2,25,25000000,25999999,1000000,329064,167791,167844,335301,16404,22778,93281
TWSVa.chr2,26,26000000,26999999,1000000,331672,167360,170375,330593,16383,22279,93439
TWSVa.chr2,27,27000000,27999999,1000000,328726,171244,172920,327110,18734,23563,93426
TWSVa.chr2,28,28000000,28999999,1000000,329512,171791,174985,323712,18125,23528,94134
TWSVa.chr2,29,29000000,29999999,1000000,328735,172684,175277,323304,18182,24509,93943
TWSVa.chr2,30,30000000,30999999,1000000,318306,177347,181072,323275,20126,25365,94845
TWSVa.chr2,31,31000000,31999999,1000000,330015,174701,166034,329250,17707,24771,95635
TWSVa.chr2,32,32000000,32999999,1000000,328917,178055,170179,322849,17774,24534,97465
TWSVa.chr2,33,33000000,33999999,1000000,323512,179074,175486,321928,19719,25228,96570
TWSVa.chr2,34,34000000,34999999,1000000,323072,182863,176887,317178,20779,26852,96943
TWSVa.chr2,35,35000000,35999999,1000000,323873,178189,177138,320800,19157,25596,96076
TWSVa.chr2,36,36000000,36999999,1000000,323447,173435,174862,328256,18226,24073,94630
TWSVa.chr2,37,37000000,37999999,1000000,324027,197560,186392,292021,23666,32661,99396
TWSVa.chr2,38,38000000,38999999,1000000,291786,237647,221769,248698,34536,49979,104212
TWSVa.chr2,39,39000000,39999999,1000000,318970,208082,193041,279907,26209,36433,101410
TWSVa.chr2,40,40000000,40999999,1000000,321423,173120,178072,327385,18535,24469,93985
TWSVa.chr2,41,41000000,41999999,1000000,332015,170427,170457,327101,17686,23651,93400
TWSVa.chr2,42,42000000,42999999,1000000,330056,169977,173234,326733,17934,22926,93204
TWSVa.chr2,43,43000000,43999999,1000000,324961,171679,174997,328363,19161,24242,92864
TWSVa.chr2,44,44000000,44999999,1000000,318944,181482,180115,319459,20891,27509,95899
TWSVa.chr2,45,45000000,45999999,1000000,324049,169628,177887,328436,17836,24809,92286
TWSVa.chr2,46,46000000,46999999,1000000,325138,176496,176514,321852,18515,24161,96240
TWSVa.chr2,47,47000000,47999999,1000000,328331,173725,171186,326758,17910,23726,95193
TWSVa.chr2,48,48000000,48999999,1000000,330108,171915,168506,329371,17325,23193,94960
TWSVa.chr2,49,49000000,49999999,1000000,328175,170858,169820,331147,17175,23191,94053
TWSVa.chr2,50,50000000,50999999,1000000,329046,168651,170789,331514,17540,23593,92463
TWSVa.chr2,51,51000000,51999999,1000000,326003,174203,173701,326093,17461,23909,96009
TWSVa.chr2,52,52000000,52999999,1000000,330952,167895,168780,332373,15886,21808,93968
TWSVa.chr2,53,53000000,53999999,1000000,327894,170385,171305,330416,16868,22294,94821
TWSVa.chr2,54,54000000,54999999,1000000,334762,166993,167138,331107,16498,21390,93423
TWSVa.chr2,55,55000000,55999999,1000000,325236,174551,175904,324309,18508,24103,94776
TWSVa.chr2,56,56000000,56999999,1000000,329857,167170,169312,333561,17574,21757,92406
TWSVa.chr2,57,57000000,57999999,1000000,331691,168748,168985,330576,17509,22500,93115
TWSVa.chr2,58,58000000,58999999,1000000,336009,165353,165106,333532,16083,20538,93578
TWSVa.chr2,59,59000000,59999999,1000000,329430,167216,168653,334701,16951,21979,92854
TWSVa.chr2,60,60000000,60999999,1000000,325319,170814,173745,330122,18538,23563,93047
TWSVa.chr2,61,61000000,61999999,1000000,334691,166244,164212,334853,16071,21296,93261
TWSVa.chr2,62,62000000,62999999,1000000,335724,168951,166344,328981,16049,22045,94364
TWSVa.chr2,63,63000000,63999999,1000000,334429,165214,165798,334559,16205,21583,92680
TWSVa.chr2,64,64000000,64999999,1000000,331457,169407,168615,330521,16811,22893,93963
TWSVa.chr2,65,65000000,65999999,1000000,329464,172364,168927,329245,17163,22860,95564
TWSVa.chr2,66,66000000,66999999,1000000,331694,169150,165991,333165,16568,21742,94227
TWSVa.chr2,67,67000000,67999999,1000000,332196,166515,165816,335373,15290,21427,94231
TWSVa.chr2,68,68000000,68999999,1000000,328482,167289,167810,336419,16258,21910,93709
TWSVa.chr2,69,69000000,69999999,1000000,327953,168423,169486,334038,18242,22698,92436
TWSVa.chr2,70,70000000,70999999,1000000,333814,164099,165623,336464,16316,21248,91869
TWSVa.chr2,71,71000000,71999999,1000000,340203,158273,162995,338529,14368,20487,90338
TWSVa.chr2,72,72000000,72999999,1000000,336008,165417,162407,336068,15319,20751,93496
TWSVa.chr2,73,73000000,73999999,1000000,345099,158227,155150,341524,15040,19304,89908
TWSVa.chr2,74,74000000,74999999,1000000,345961,154793,155382,343864,14758,18665,88824
TWSVa.chr2,75,75000000,75999999,1000000,350559,155494,152509,341438,13351,18103,91027
TWSVa.chr2,76,76000000,76999999,1000000,337123,160914,160156,341807,14074,19043,93175
TWSVa.chr2,77,77000000,77999999,1000000,299491,188877,166114,345518,24047,14036,97051
TWSVa.chr2,78,78000000,78038278,38278,10559,5745,8169,13805,739,477,2982
TWSVa.chr3,0,0,999999,1000000,348713,171178,186698,293411,23297,15899,89730
TWSVa.chr3,1,1000000,1999999,1000000,347399,163353,177320,311928,20809,16793,88934
TWSVa.chr3,2,2000000,2999999,1000000,351102,150921,150496,347481,14917,16597,87743
TWSVa.chr3,3,3000000,3999999,1000000,342530,152623,155022,349825,14992,18201,87631
TWSVa.chr3,4,4000000,4999999,1000000,338339,158814,162903,339844,14952,19946,90569
TWSVa.chr3,5,5000000,5999999,1000000,338662,160711,162696,337831,15051,20640,91173
TWSVa.chr3,6,6000000,6999999,1000000,335441,165065,163919,335575,15673,21550,92869
TWSVa.chr3,7,7000000,7999999,1000000,331159,162961,166891,338989,16243,21279,91093
TWSVa.chr3,8,8000000,8999999,1000000,331986,169776,168985,329253,17588,22706,93183
TWSVa.chr3,9,9000000,9999999,1000000,333688,167609,166567,332136,16374,22143,93283
TWSVa.chr3,10,10000000,10999999,1000000,330682,168280,169541,331497,15995,22597,93731
TWSVa.chr3,11,11000000,11999999,1000000,326161,175324,176255,321860,20831,24606,93511
TWSVa.chr3,12,12000000,12999999,1000000,334344,166366,165988,333202,16701,21460,92992
TWSVa.chr3,13,13000000,13999999,1000000,320751,183761,177744,317744,21954,29998,95178
TWSVa.chr3,14,14000000,14999999,1000000,337746,165616,165617,331021,15581,21577,93073
TWSVa.chr3,15,15000000,15999999,1000000,335186,169445,166226,329143,16964,22404,94310
TWSVa.chr3,16,16000000,16999999,1000000,333559,164721,165423,336297,16194,21514,92055
TWSVa.chr3,17,17000000,17999999,1000000,332762,166313,167375,333550,16260,21802,93040
TWSVa.chr3,18,18000000,18999999,1000000,330010,167672,170084,332234,16950,22412,93113
TWSVa.chr3,19,19000000,19999999,1000000,331445,172702,168751,327102,17322,22766,95483
TWSVa.chr3,20,20000000,20999999,1000000,331822,169574,167887,330717,16216,22330,94810
TWSVa.chr3,21,21000000,21999999,1000000,340295,161842,162306,335557,15672,20951,91165
TWSVa.chr3,22,22000000,22999999,1000000,323936,169044,173275,333745,17240,23142,92969
TWSVa.chr3,23,23000000,23999999,1000000,335920,168800,166535,328745,17189,21818,93822
TWSVa.chr3,24,24000000,24999999,1000000,326378,168621,175364,329637,17696,23011,92596
TWSVa.chr3,25,25000000,25999999,1000000,332581,165164,166406,335849,16458,22385,91755
TWSVa.chr3,26,26000000,26999999,1000000,321953,174782,176593,326672,17751,24191,95444
TWSVa.chr3,27,27000000,27999999,1000000,331683,170560,169665,328092,16975,22384,94754
TWSVa.chr3,28,28000000,28999999,1000000,334764,168728,168056,328452,16554,22936,94059
TWSVa.chr3,29,29000000,29999999,1000000,323775,177435,173881,324909,19569,25190,95396
TWSVa.chr3,30,30000000,30999999,1000000,332165,171814,169108,326913,17813,23322,94491
TWSVa.chr3,31,31000000,31999999,1000000,330240,171414,171329,327017,17163,23188,94393
TWSVa.chr3,32,32000000,32999999,1000000,332917,169667,168666,328750,16931,22589,94409
TWSVa.chr3,33,33000000,33999999,1000000,326223,175383,173531,324863,18718,24002,95528
TWSVa.chr3,34,34000000,34999999,1000000,322712,173424,174781,329083,19236,24808,93777
TWSVa.chr3,35,35000000,35999999,1000000,317395,177221,183970,321414,20543,27855,93102
TWSVa.chr3,36,36000000,36999999,1000000,314906,181155,180383,323556,21788,27866,94741
TWSVa.chr3,37,37000000,37999999,1000000,269426,227376,228250,274948,34119,47789,100603
TWSVa.chr3,38,38000000,38999999,1000000,265747,234352,233289,266612,35808,50733,101722
TWSVa.chr3,39,39000000,39999999,1000000,299517,219014,209143,272326,30031,42671,101186
TWSVa.chr3,40,40000000,40999999,1000000,262269,201716,225612,310403,29637,40180,93348
TWSVa.chr3,41,41000000,41999999,1000000,263291,190041,217224,329444,26920,35854,91594
TWSVa.chr3,42,42000000,42999999,1000000,320432,172893,177002,329673,19252,23927,93772
TWSVa.chr3,43,43000000,43999999,1000000,317245,179847,184368,318540,21198,27236,94463
TWSVa.chr3,44,44000000,44999999,1000000,324856,171821,177315,326008,18588,24694,92974
TWSVa.chr3,45,45000000,45999999,1000000,332614,172085,166609,328692,16267,21908,96401
TWSVa.chr3,46,46000000,46999999,1000000,327179,176703,170029,326089,18654,23153,97046
TWSVa.chr3,47,47000000,47999999,1000000,325948,171307,173727,329018,17973,23766,93589
TWSVa.chr3,48,48000000,48999999,1000000,330200,172494,171271,326035,17392,23611,94923
TWSVa.chr3,49,49000000,49999999,1000000,328420,173633,172922,325025,17785,23494,95296
TWSVa.chr3,50,50000000,50999999,1000000,327563,175219,175719,321499,19026,24582,94893
TWSVa.chr3,51,51000000,51999999,1000000,320989,172949,176113,329949,18786,24711,93762
TWSVa.chr3,52,52000000,52999999,1000000,326951,174838,172951,325260,18297,23933,95406
TWSVa.chr3,53,53000000,53999999,1000000,328191,171339,174385,326085,18459,25118,92665
TWSVa.chr3,54,54000000,54999999,1000000,326337,175397,174102,324164,19109,25230,94281
TWSVa.chr3,55,55000000,55999999,1000000,327438,175317,173469,323776,18722,24083,95385
TWSVa.chr3,56,56000000,56999999,1000000,332007,170640,170742,326611,18060,23340,93406
TWSVa.chr3,57,57000000,57999999,1000000,328871,169633,172212,329284,17345,23056,93616
TWSVa.chr3,58,58000000,58999999,1000000,323080,172105,175814,329001,17670,22908,94603
TWSVa.chr3,59,59000000,59999999,1000000,334886,168182,168313,328619,16417,22167,93936
TWSVa.chr3,60,60000000,60999999,1000000,329135,174007,169508,327350,17353,23065,95999
TWSVa.chr3,61,61000000,61999999,1000000,328033,174028,177135,320804,18915,24805,94009
TWSVa.chr3,62,62000000,62999999,1000000,325551,170307,173676,330466,17591,23449,93610
TWSVa.chr3,63,63000000,63999999,1000000,333378,170676,166273,329673,16722,23046,94656
TWSVa.chr3,64,64000000,64999999,1000000,330140,172591,166297,330972,16907,21945,96150
TWSVa.chr3,65,65000000,65999999,1000000,327762,173991,168320,329927,17343,22923,96278
TWSVa.chr3,66,66000000,66999999,1000000,329702,168396,170945,330957,17537,23250,92610
TWSVa.chr3,67,67000000,67999999,1000000,330694,175319,168309,325678,18024,22943,96495
TWSVa.chr3,68,68000000,68999999,1000000,327316,175392,169499,327793,17720,22026,97422
TWSVa.chr3,69,69000000,69999999,1000000,329485,168370,168790,333355,16762,22472,93520
TWSVa.chr3,70,70000000,70999999,1000000,331399,170208,170588,327805,16120,21871,95347
TWSVa.chr3,71,71000000,71999999,1000000,327257,167810,170953,333980,16200,21574,93937
TWSVa.chr3,72,72000000,72999999,1000000,336114,167135,163227,333424,16312,21514,93363
TWSVa.chr3,73,73000000,73999999,1000000,333066,170717,163938,332279,16772,22286,94940
TWSVa.chr3,74,74000000,74999999,1000000,335342,163772,167974,332812,15566,20883,92351
TWSVa.chr3,75,75000000,75999999,1000000,332757,166620,164642,335881,16245,21772,93254
TWSVa.chr3,76,76000000,76999999,1000000,336482,164855,166126,332537,15911,22060,91934
TWSVa.chr3,77,77000000,77999999,1000000,336770,164382,164351,334497,15996,20983,92235
TWSVa.chr3,78,78000000,78999999,1000000,340383,156604,161276,341737,14579,19228,89721
TWSVa.chr3,79,79000000,79999999,1000000,342727,160333,156860,339980,14661,19253,92007
TWSVa.chr3,80,80000000,80999999,1000000,342046,162080,161289,334585,14794,20038,92800
TWSVa.chr3,81,81000000,81999999,1000000,329911,165140,157450,347499,17556,15903,91706
TWSVa.chr3,82,82000000,82999999,1000000,337664,161871,161384,339081,13400,19206,94541
TWSVa.chr3,83,83000000,83999999,1000000,312225,181839,167114,338822,19907,16553,97137
TWSVa.chr3,84,84000000,84566524,566524,169961,107160,95052,194351,13977,7693,54638
TWSVa.chr4,0,0,999999,1000000,345396,170462,186711,297431,23551,15995,88491
TWSVa.chr4,1,1000000,1999999,1000000,344322,166690,190873,298115,23916,15349,87698
TWSVa.chr4,2,2000000,2999999,1000000,347847,163580,177001,311572,21587,15437,89069
TWSVa.chr4,3,3000000,3999999,1000000,350680,156822,163161,329337,17667,16358,88950
TWSVa.chr4,4,4000000,4999999,1000000,344802,152067,155208,347923,15650,17949,86648
TWSVa.chr4,5,5000000,5999999,1000000,348733,154940,152948,343379,14844,18724,88706
TWSVa.chr4,6,6000000,6999999,1000000,341263,161861,160852,336024,14829,20033,92138
TWSVa.chr4,7,7000000,7999999,1000000,340269,163948,161815,333968,15184,20812,92865
TWSVa.chr4,8,8000000,8999999,1000000,333218,166770,168468,331444,15984,23021,92712
TWSVa.chr4,9,9000000,9999999,1000000,334308,161380,163924,340188,15306,20625,91466
TWSVa.chr4,10,10000000,10999999,1000000,327871,167974,170942,333213,17237,21958,93113
TWSVa.chr4,11,11000000,11999999,1000000,331053,168931,169897,330119,17675,22255,93275
TWSVa.chr4,12,12000000,12999999,1000000,331448,166664,169125,332763,17270,21587,92527
TWSVa.chr4,13,13000000,13999999,1000000,330505,167319,169135,333041,16802,20780,93713
TWSVa.chr4,14,14000000,14999999,1000000,330941,167189,167032,334838,16242,21485,93688
TWSVa.chr4,15,15000000,15999999,1000000,331973,168693,170205,329129,16891,21912,93697
TWSVa.chr4,16,16000000,16999999,1000000,329229,167422,171997,331352,17568,22807,91777
TWSVa.chr4,17,17000000,17999999,1000000,325510,174865,171383,328242,18552,25602,94327
TWSVa.chr4,18,18000000,18999999,1000000,341230,164019,163826,330925,15312,21047,93325
TWSVa.chr4,19,19000000,19999999,1000000,327931,170674,171286,330109,18354,22676,93993
TWSVa.chr4,20,20000000,20999999,1000000,336684,164159,164415,334742,15509,21239,92534
TWSVa.chr4,21,21000000,21999999,1000000,327221,165826,169299,337654,16616,21323,92673
TWSVa.chr4,22,22000000,22999999,1000000,326434,173091,171046,329429,17771,24696,94359
TWSVa.chr4,23,23000000,23999999,1000000,331090,170225,165741,332944,16794,22149,94571
TWSVa.chr4,24,24000000,24999999,1000000,329160,171879,171510,327451,18613,23967,93578
TWSVa.chr4,25,25000000,25999999,1000000,330153,173035,171493,325319,17570,24232,94704
TWSVa.chr4,26,26000000,26999999,1000000,325482,171186,173415,329917,18017,24344,93051
TWSVa.chr4,27,27000000,27999999,1000000,321537,179582,176004,322877,20560,26341,95642
TWSVa.chr4,28,28000000,28999999,1000000,327865,175503,173964,322668,18469,25216,95059
TWSVa.chr4,29,29000000,29999999,1000000,321153,166631,176316,335900,17748,23124,91187
TWSVa.chr4,30,30000000,30999999,1000000,331013,167971,168711,332305,17571,22176,92723
TWSVa.chr4,31,31000000,31999999,1000000,326731,171684,174416,327169,19207,24869,92575
TWSVa.chr4,32,32000000,32999999,1000000,328471,172398,170906,328225,18109,24214,94257
TWSVa.chr4,33,33000000,33999999,1000000,328042,178934,172956,320068,18642,24507,97341
TWSVa.chr4,34,34000000,34999999,1000000,325108,177318,174777,322797,19283,26044,95292
TWSVa.chr4,35,35000000,35999999,1000000,328011,180891,172870,318228,19271,25446,97872
TWSVa.chr4,36,36000000,36999999,1000000,318264,177978,178698,325060,20366,25868,94909
TWSVa.chr4,37,37000000,37999999,1000000,281328,191927,208558,318087,25017,33915,95024
TWSVa.chr4,38,38000000,38999999,1000000,323819,176368,176396,323417,18861,25787,95182
TWSVa.chr4,39,39000000,39999999,1000000,318987,177477,180362,323174,18901,25546,95986
TWSVa.chr4,40,40000000,40999999,1000000,320531,178088,175233,326148,20280,25968,95196
TWSVa.chr4,41,41000000,41999999,1000000,329817,176163,170082,323938,18151,23484,96807
TWSVa.chr4,42,42000000,42999999,1000000,329863,172825,168581,328631,17558,23323,94864
TWSVa.chr4,43,43000000,43999999,1000000,331406,172879,170177,325538,17875,23448,94694
TWSVa.chr4,44,44000000,44999999,1000000,328419,168003,172825,330753,17687,23332,92416
TWSVa.chr4,45,45000000,45999999,1000000,332970,164813,166939,335278,15714,21144,92704
TWSVa.chr4,46,46000000,46999999,1000000,331496,165068,169387,334049,16662,22056,92042
TWSVa.chr4,47,47000000,47999999,1000000,334002,168772,167753,329473,17035,22712,93720
TWSVa.chr4,48,48000000,48999999,1000000,330017,170064,168897,331022,16894,22194,94571
TWSVa.chr4,49,49000000,49999999,1000000,328014,167327,170947,333712,16713,22529,92711
TWSVa.chr4,50,50000000,50999999,1000000,335509,168130,163674,332687,15538,21088,95073
TWSVa.chr4,51,51000000,51999999,1000000,330864,166972,168461,333703,16793,21752,93069
TWSVa.chr4,52,52000000,52999999,1000000,333694,166329,166027,333950,15599,21201,94032
TWSVa.chr4,53,53000000,53999999,1000000,334403,167756,165395,332446,15618,20772,94795
TWSVa.chr4,54,54000000,54999999,1000000,337583,163230,166978,332209,15540,20847,92309
TWSVa.chr4,55,55000000,55999999,1000000,330029,168796,170632,330543,18168,22156,93125
TWSVa.chr4,56,56000000,56999999,1000000,333578,169433,167211,329778,16045,21607,95515
TWSVa.chr4,57,57000000,57999999,1000000,330806,168313,170613,330268,17296,22456,92784
TWSVa.chr4,58,58000000,58999999,1000000,335912,166320,162067,335701,15239,21576,93995
TWSVa.chr4,59,59000000,59999999,1000000,329530,171998,168679,329793,17237,23055,94957
TWSVa.chr4,60,60000000,60999999,1000000,326990,170963,173119,328928,18256,23304,93704
TWSVa.chr4,61,61000000,61999999,1000000,332285,166485,167171,334059,16052,21690,93210
TWSVa.chr4,62,62000000,62999999,1000000,327180,170164,173608,329048,18548,23875,92354
TWSVa.chr4,63,63000000,63999999,1000000,333415,165098,163708,337779,15663,21157,93243
TWSVa.chr4,64,64000000,64999999,1000000,333862,162894,163021,340223,16073,21467,91325
TWSVa.chr4,65,65000000,65999999,1000000,331103,169632,164880,334385,16247,21571,95282
TWSVa.chr4,66,66000000,66999999,1000000,334819,164429,164067,336685,16252,21181,92263
TWSVa.chr4,67,67000000,67999999,1000000,331758,165589,167062,335591,17004,21180,92315
TWSVa.chr4,68,68000000,68999999,1000000,331197,169041,169791,329971,17100,22841,93407
TWSVa.chr4,69,69000000,69999999,1000000,332439,163854,165543,338164,16116,21068,92029
TWSVa.chr4,70,70000000,70999999,1000000,333918,165392,166669,334021,16598,21246,91963
TWSVa.chr4,71,71000000,71999999,1000000,330842,171286,169641,328231,18282,22567,93678
TWSVa.chr4,72,72000000,72999999,1000000,334725,163780,164769,336726,15722,21206,92019
TWSVa.chr4,73,73000000,73999999,1000000,336923,168038,163416,331623,16996,22025,93029
TWSVa.chr4,74,74000000,74999999,1000000,336181,162208,163491,338120,15879,20493,91504
TWSVa.chr4,75,75000000,75999999,1000000,337026,161726,161147,340101,15229,20024,91583
TWSVa.chr4,76,76000000,76999999,1000000,336856,160777,160901,341466,15504,20449,91052
TWSVa.chr4,77,77000000,77999999,1000000,338949,160126,161764,339161,15791,20501,90427
TWSVa.chr4,78,78000000,78999999,1000000,343838,160100,156302,339760,15834,19656,90738
TWSVa.chr4,79,79000000,79999999,1000000,343923,157595,155748,342734,14685,19426,90219
TWSVa.chr4,80,80000000,80999999,1000000,343373,155792,156816,344019,14318,19269,89051
TWSVa.chr4,81,81000000,81999999,1000000,343819,153798,156262,346121,13630,18599,89181
TWSVa.chr4,82,82000000,82999999,1000000,349520,151615,148750,350115,13845,17172,88561
TWSVa.chr4,83,83000000,83999999,1000000,303342,185164,168207,343287,23065,15213,95790
TWSVa.chr4,84,84000000,84360085,360085,105131,64976,64458,125520,8122,4967,33292
TWSVa.chr7,0,0,999999,1000000,347178,177723,182725,292374,23152,15084,91013
TWSVa.chr7,1,1000000,1999999,1000000,347029,157659,165590,329722,17440,17132,89215
TWSVa.chr7,2,2000000,2999999,1000000,349206,150207,152216,348371,14655,16621,87704
TWSVa.chr7,3,3000000,3999999,1000000,347009,152211,151927,348853,14744,17807,87355
TWSVa.chr7,4,4000000,4999999,1000000,339428,161326,158572,340674,15653,19948,91243
TWSVa.chr7,5,5000000,5999999,1000000,340962,159454,159731,339853,15022,20130,90700
TWSVa.chr7,6,6000000,6999999,1000000,335506,164441,164856,335197,16087,21272,92271
TWSVa.chr7,7,7000000,7999999,1000000,331027,168951,165412,334510,15878,21259,95248
TWSVa.chr7,8,8000000,8999999,1000000,329030,173501,171574,325895,17442,23642,95493
TWSVa.chr7,9,9000000,9999999,1000000,334562,167266,167239,330933,17294,21930,92902
TWSVa.chr7,10,10000000,10999999,1000000,332819,168217,167840,331124,15773,21904,94571
TWSVa.chr7,11,11000000,11999999,1000000,323313,174000,177801,324886,19934,24746,93085
TWSVa.chr7,12,12000000,12999999,1000000,328725,174436,170593,326046,18093,23857,95647
TWSVa.chr7,13,13000000,13999999,1000000,328606,166649,175026,329719,17639,21533,92289
TWSVa.chr7,14,14000000,14999999,1000000,331739,167759,170215,330287,16741,22264,93506
TWSVa.chr7,15,15000000,15999999,1000000,327913,167695,169458,334734,16902,22350,92755
TWSVa.chr7,16,16000000,16999999,1000000,336053,164750,167465,331632,15287,20908,93129
TWSVa.chr7,17,17000000,17999999,1000000,328207,170322,170994,330477,18126,22539,93681
TWSVa.chr7,18,18000000,18999999,1000000,330053,171476,167472,330999,16754,22976,95099
TWSVa.chr7,19,19000000,19999999,1000000,332584,167191,169874,330351,16754,22820,92686
TWSVa.chr7,20,20000000,20999999,1000000,327651,172319,172400,327630,17665,22794,95028
TWSVa.chr7,21,21000000,21999999,1000000,330965,169121,168206,331708,17161,22359,93751
TWSVa.chr7,22,22000000,22999999,1000000,328767,175696,173043,322494,18404,24344,95675
TWSVa.chr7,23,23000000,23999999,1000000,334301,171381,167164,327154,17337,23279,94618
TWSVa.chr7,24,24000000,24999999,1000000,329436,172682,174533,323349,18954,24666,93347
TWSVa.chr7,25,25000000,25999999,1000000,319472,169218,183941,327369,19777,25165,90357
TWSVa.chr7,26,26000000,26999999,1000000,324230,169025,174803,331942,17955,24363,91918
TWSVa.chr7,27,27000000,27999999,1000000,326081,176911,175323,321685,18841,24250,96033
TWSVa.chr7,28,28000000,28999999,1000000,328657,172818,175432,323093,18173,24275,94280
TWSVa.chr7,29,29000000,29999999,1000000,325534,174698,173119,326649,18666,24566,94910
TWSVa.chr7,30,30000000,30999999,1000000,321595,176293,177246,324866,19339,25791,94464
TWSVa.chr7,31,31000000,31999999,1000000,320977,173054,182474,323495,19232,25881,92670
TWSVa.chr7,32,32000000,32999999,1000000,326684,230998,196053,246265,30228,42881,107796
TWSVa.chr7,33,33000000,33999999,1000000,265362,238498,234295,261845,36970,52291,102500
TWSVa.chr7,34,34000000,34999999,1000000,286022,253683,231200,229095,38644,56647,106878
TWSVa.chr7,35,35000000,35999999,1000000,266900,222866,227440,282794,33532,46340,99254
TWSVa.chr7,36,36000000,36999999,1000000,284690,203960,210173,301177,28482,38524,96862
TWSVa.chr7,37,37000000,37999999,1000000,320391,176066,181329,322214,20663,27219,92463
TWSVa.chr7,38,38000000,38999999,1000000,318273,178739,185203,317785,21578,28554,92989
TWSVa.chr7,39,39000000,39999999,1000000,327852,173735,171464,326949,18634,24136,94785
TWSVa.chr7,40,40000000,40999999,1000000,320919,174963,177361,326657,18694,24700,94448
TWSVa.chr7,41,41000000,41999999,1000000,328829,177639,170357,323175,18435,24334,96898
TWSVa.chr7,42,42000000,42999999,1000000,333187,168960,169402,328451,16363,22932,94032
TWSVa.chr7,43,43000000,43999999,1000000,327398,169506,175393,327703,17530,23569,92988
TWSVa.chr7,44,44000000,44999999,1000000,330589,171686,167986,329739,17609,24135,94137
TWSVa.chr7,45,45000000,45999999,1000000,326922,168157,172176,332745,17726,23812,91926
TWSVa.chr7,46,46000000,46999999,1000000,326462,169994,173169,330375,17430,23668,93193
TWSVa.chr7,47,47000000,47999999,1000000,328643,180379,171936,318842,21495,25300,94330
TWSVa.chr7,48,48000000,48999999,1000000,333341,167211,166472,332976,15686,22026,93956
TWSVa.chr7,49,49000000,49999999,1000000,329179,165954,171245,333622,16604,22523,91911
TWSVa.chr7,50,50000000,50999999,1000000,326543,171546,172010,329901,17705,23309,94377
TWSVa.chr7,51,51000000,51999999,1000000,333247,166877,165892,333984,16100,22039,93449
TWSVa.chr7,52,52000000,52999999,1000000,325400,172979,171033,330588,18024,23162,94581
TWSVa.chr7,53,53000000,53999999,1000000,328084,166045,170147,335724,16958,21991,92046
TWSVa.chr7,54,54000000,54999999,1000000,326027,168668,174196,331109,17909,23363,92390
TWSVa.chr7,55,55000000,55999999,1000000,330697,170353,171219,327731,17295,23597,93550
TWSVa.chr7,56,56000000,56999999,1000000,320670,178063,176077,325190,20940,27445,94059
TWSVa.chr7,57,57000000,57999999,1000000,321563,176782,176752,324903,20606,25925,93654
TWSVa.chr7,58,58000000,58999999,1000000,335410,166951,164752,332887,16901,22123,92706
TWSVa.chr7,59,59000000,59999999,1000000,325766,172793,173258,328183,17759,23283,94918
TWSVa.chr7,60,60000000,60999999,1000000,337287,166044,166050,330619,16310,21436,93205
TWSVa.chr7,61,61000000,61999999,1000000,332038,168448,167370,332144,16308,21977,94018
TWSVa.chr7,62,62000000,62999999,1000000,339377,166873,164124,329626,16479,22281,93138
TWSVa.chr7,63,63000000,63999999,1000000,332960,163691,167865,335484,17043,21844,90598
TWSVa.chr7,64,64000000,64999999,1000000,333361,169586,165074,331979,17524,22223,93672
TWSVa.chr7,65,65000000,65999999,1000000,345482,155036,156134,343348,13932,18056,90592
TWSVa.chr7,66,66000000,66999999,1000000,339424,158290,157661,344525,15202,18755,91018
TWSVa.chr7,67,67000000,67999999,1000000,342940,160495,156202,340363,14255,19068,92596
TWSVa.chr7,68,68000000,68999999,1000000,311338,180113,164184,344365,19935,15244,95962
TWSVa.chr7,69,69000000,69572708,572708,170851,108566,96124,197167,13822,7585,55344
TWSVa.chr8,0,0,999999,1000000,325481,177318,172903,324298,21723,16319,93627
TWSVa.chr8,1,1000000,1999999,1000000,346069,151284,160507,342140,14325,17499,88150
TWSVa.chr8,2,2000000,2999999,1000000,343982,155957,156123,343938,13695,18495,90590
TWSVa.chr8,3,3000000,3999999,1000000,346361,155943,155833,341863,13282,18899,90550
TWSVa.chr8,4,4000000,4999999,1000000,343260,154107,152757,349876,13592,18154,89694
TWSVa.chr8,5,5000000,5999999,1000000,339161,156162,160172,344505,14349,19669,89702
TWSVa.chr8,6,6000000,6999999,1000000,339462,157848,159694,342996,14228,19789,90351
TWSVa.chr8,7,7000000,7999999,1000000,334979,164577,163010,337434,15205,21083,93181
TWSVa.chr8,8,8000000,8999999,1000000,332569,162487,164041,340703,15522,20924,91743
TWSVa.chr8,9,9000000,9999999,1000000,337660,162567,162404,337369,15861,20180,91633
TWSVa.chr8,10,10000000,10999999,1000000,327155,168128,167725,336992,16116,21805,94552
TWSVa.chr8,11,11000000,11999999,1000000,342358,162540,160400,334702,14942,19967,92645
TWSVa.chr8,12,12000000,12999999,1000000,334611,166189,165699,333401,16198,20846,93725
TWSVa.chr8,13,13000000,13999999,1000000,335753,163432,166138,334677,15888,20739,92051
TWSVa.chr8,14,14000000,14999999,1000000,335929,165254,162991,335626,15804,20582,93330
TWSVa.chr8,15,15000000,15999999,1000000,337524,162953,163191,336332,15395,20684,91642
TWSVa.chr8,16,16000000,16999999,1000000,326627,165452,172249,335672,15805,22292,92590
TWSVa.chr8,17,17000000,17999999,1000000,323894,169569,174552,331985,16972,22653,93989
TWSVa.chr8,18,18000000,18999999,1000000,329896,170327,169612,330165,17095,22248,94348
TWSVa.chr8,19,19000000,19999999,1000000,330141,166451,173918,329490,17606,22379,91683
TWSVa.chr8,20,20000000,20999999,1000000,335185,163368,166614,334833,15693,21327,91686
TWSVa.chr8,21,21000000,21999999,1000000,330643,170855,169432,329070,16080,21747,96125
TWSVa.chr8,22,22000000,22999999,1000000,334258,164068,167439,334235,14849,20772,93479
TWSVa.chr8,23,23000000,23999999,1000000,328590,168059,169543,333808,15942,22101,94108
TWSVa.chr8,24,24000000,24999999,1000000,336324,161669,162413,339494,14070,19534,92945
TWSVa.chr8,25,25000000,25999999,1000000,331675,168237,170027,330061,16950,22018,93586
TWSVa.chr8,26,26000000,26999999,1000000,332413,166802,166552,334233,16199,21551,93545
TWSVa.chr8,27,27000000,27999999,1000000,330812,167882,168194,333012,16231,21764,94095
TWSVa.chr8,28,28000000,28999999,1000000,335830,168371,165539,330160,16380,21574,94268
TWSVa.chr8,29,29000000,29999999,1000000,339340,162947,162832,334881,14955,20558,92576
TWSVa.chr8,30,30000000,30999999,1000000,333077,165720,169775,331428,17301,22285,91651
TWSVa.chr8,31,31000000,31999999,1000000,330631,167566,169242,332561,16614,22302,93162
TWSVa.chr8,32,32000000,32999999,1000000,333279,166079,169342,331300,16014,21984,92912
TWSVa.chr8,33,33000000,33999999,1000000,328912,169265,169671,332152,17811,22294,93038
TWSVa.chr8,34,34000000,34999999,1000000,332834,168410,169331,329425,17932,22666,92427
TWSVa.chr8,35,35000000,35999999,1000000,335003,167424,166756,330817,16187,22284,93103
TWSVa.chr8,36,36000000,36999999,1000000,328842,170961,174277,325920,19200,23781,92604
TWSVa.chr8,37,37000000,37999999,1000000,335502,166623,162192,335683,16418,21664,93043
TWSVa.chr8,38,38000000,38999999,1000000,330487,170445,170455,328613,18507,23259,92803
TWSVa.chr8,39,39000000,39999999,1000000,328763,170259,170412,330566,17719,23794,93446
TWSVa.chr8,40,40000000,40999999,1000000,324102,172986,179414,323498,19893,26046,92068
TWSVa.chr8,41,41000000,41999999,1000000,325561,176095,176358,321986,19120,25418,94672
TWSVa.chr8,42,42000000,42999999,1000000,328898,171607,175279,324216,18041,24087,93657
TWSVa.chr8,43,43000000,43999999,1000000,324815,179263,178046,317876,20324,26975,95038
TWSVa.chr8,44,44000000,44999999,1000000,322930,179631,177519,319920,20745,27253,94922
TWSVa.chr8,45,45000000,45999999,1000000,325106,173653,173485,327756,18652,24462,93927
TWSVa.chr8,46,46000000,46999999,1000000,321680,177749,177982,322589,20022,25906,94925
TWSVa.chr8,47,47000000,47999999,1000000,262117,209559,240916,287408,43839,35805,91260
TWSVa.chr8,48,48000000,48999999,1000000,293128,224647,205853,276372,37578,37145,104046
TWSVa.chr8,49,49000000,49999999,1000000,311502,190717,190667,307114,23881,30748,96823
TWSVa.chr8,50,50000000,50999999,1000000,321472,179972,179929,318527,20571,25705,95986
TWSVa.chr8,51,51000000,51999999,1000000,320976,176301,175721,327002,19388,24766,95228
TWSVa.chr8,52,52000000,52999999,1000000,328359,172524,175309,323808,18338,23963,93603
TWSVa.chr8,53,53000000,53999999,1000000,320204,176942,177727,325127,20354,25157,95027
TWSVa.chr8,54,54000000,54999999,1000000,328823,178179,168942,323956,17962,24478,97152
TWSVa.chr8,55,55000000,55628741,628741,197363,119915,118668,192795,16852,18031,60559
TWSVa.chr9,0,0,999999,1000000,344696,172378,187809,295117,23942,16837,89495
TWSVa.chr9,1,1000000,1999999,1000000,347317,163741,178256,310686,19896,17108,89794
TWSVa.chr9,2,2000000,2999999,1000000,347218,153551,156076,343155,15092,17275,88992
TWSVa.chr9,3,3000000,3999999,1000000,353680,150923,148729,346668,13250,16645,88871
TWSVa.chr9,4,4000000,4999999,1000000,344794,155476,154727,345003,13833,18299,90069
TWSVa.chr9,5,5000000,5999999,1000000,340343,156083,162665,340809,13615,19499,90093
TWSVa.chr9,6,6000000,6999999,1000000,344198,157242,157630,340930,14711,18787,90424
TWSVa.chr9,7,7000000,7999999,1000000,340675,161715,161002,336608,15479,20172,91881
TWSVa.chr9,8,8000000,8999999,1000000,333532,163171,164072,339225,15877,21259,91485
TWSVa.chr9,9,9000000,9999999,1000000,340080,164529,165365,330026,15679,21182,92683
TWSVa.chr9,10,10000000,10999999,1000000,325612,169069,172992,332327,17910,22406,93225
TWSVa.chr9,11,11000000,11999999,1000000,334094,160958,166449,338399,16793,20405,90205
TWSVa.chr9,12,12000000,12999999,1000000,336253,166393,165806,331548,15621,20633,94324
TWSVa.chr9,13,13000000,13999999,1000000,327208,171481,173044,328267,17351,23176,94119
TWSVa.chr9,14,14000000,14999999,1000000,330026,170524,168102,331348,16537,22251,95112
TWSVa.chr9,15,15000000,15999999,1000000,326345,168028,173518,332109,16482,22008,93702
TWSVa.chr9,16,16000000,16999999,1000000,334101,170783,166492,328624,15977,21986,95905
TWSVa.chr9,17,17000000,17999999,1000000,330403,170437,170047,329113,17047,22829,93965
TWSVa.chr9,18,18000000,18999999,1000000,334803,170684,168607,325906,16263,22388,95175
TWSVa.chr9,19,19000000,19999999,1000000,333824,164780,167921,333475,16093,20835,92831
TWSVa.chr9,20,20000000,20999999,1000000,331134,169297,171236,328333,16969,22330,93947
TWSVa.chr9,21,21000000,21999999,1000000,330178,175319,168884,325519,18470,23639,95903
TWSVa.chr9,22,22000000,22999999,1000000,328456,168929,171444,331171,16993,22471,93679
TWSVa.chr9,23,23000000,23999999,1000000,334186,165455,166917,333342,15858,21480,93126
TWSVa.chr9,24,24000000,24999999,1000000,333890,168187,165614,332309,16164,21751,94304
TWSVa.chr9,25,25000000,25999999,1000000,333389,162719,168493,335399,14811,20977,92550
TWSVa.chr9,26,26000000,26999999,1000000,334471,165057,166542,333830,14988,20709,93785
TWSVa.chr9,27,27000000,27999999,1000000,332750,164496,167805,334949,14944,21274,92975
TWSVa.chr9,28,28000000,28999999,1000000,331259,166918,165465,336358,16201,21903,93446
TWSVa.chr9,29,29000000,29999999,1000000,326974,165108,171102,336816,16786,22177,91886
TWSVa.chr9,30,30000000,30999999,1000000,322353,173377,177583,326687,18902,23733,94544
TWSVa.chr9,31,31000000,31999999,1000000,331471,171630,167419,329480,16856,22904,95063
TWSVa.chr9,32,32000000,32999999,1000000,328215,171498,173268,327019,17762,23524,93787
TWSVa.chr9,33,33000000,33999999,1000000,327173,175968,169459,327400,18180,23903,96083
TWSVa.chr9,34,34000000,34999999,1000000,327248,174340,174500,323912,18677,23346,95206
TWSVa.chr9,35,35000000,35999999,1000000,327743,175948,172780,323529,18435,23856,96115
TWSVa.chr9,36,36000000,36999999,1000000,323466,173192,173535,329807,18751,24763,93618
TWSVa.chr9,37,37000000,37999999,1000000,324586,179186,173664,322564,18782,25326,97165
TWSVa.chr9,38,38000000,38999999,1000000,317631,177303,186103,318963,21694,28462,92318
TWSVa.chr9,39,39000000,39999999,1000000,320342,180609,178231,320818,20963,27336,95671
TWSVa.chr9,40,40000000,40999999,1000000,300656,189917,197083,312344,23578,31552,95391
TWSVa.chr9,41,41000000,41999999,1000000,317397,232225,203830,246548,30609,44990,106487
TWSVa.chr9,42,42000000,42999999,1000000,313262,257381,218963,210394,35739,54424,111631
TWSVa.chr9,43,43000000,43999999,1000000,269919,229135,228441,272505,33350,49243,100740
TWSVa.chr9,44,44000000,44999999,1000000,308769,184131,187988,319112,21184,29600,95806
TWSVa.chr9,45,45000000,45999999,1000000,324187,174979,177817,323017,18832,24241,95035
TWSVa.chr9,46,46000000,46999999,1000000,325267,178309,177424,319000,19487,25473,96203
TWSVa.chr9,47,47000000,47999999,1000000,321667,174520,175730,328083,19365,24622,94348
TWSVa.chr9,48,48000000,48999999,1000000,331207,168564,170909,329320,16937,22220,93604
TWSVa.chr9,49,49000000,49999999,1000000,332258,176172,167901,323669,18150,23832,96553
TWSVa.chr9,50,50000000,50999999,1000000,333581,168274,168187,329958,16538,22191,94265
TWSVa.chr9,51,51000000,51999999,1000000,322595,171909,174752,330744,19034,24534,92963
TWSVa.chr9,52,52000000,52999999,1000000,334420,170197,165431,329952,17106,22689,94503
TWSVa.chr9,53,53000000,53999999,1000000,327804,168443,170332,333221,17202,22351,93146
TWSVa.chr9,54,54000000,54999999,1000000,328558,178642,173765,319035,19471,25892,95765
TWSVa.chr9,55,55000000,55999999,1000000,318970,177133,176389,327508,19402,25923,94692
TWSVa.chr9,56,56000000,56999999,1000000,321185,171402,181194,326219,18622,25387,92302
TWSVa.chr9,57,57000000,57999999,1000000,330765,169006,170499,329730,17832,22977,92951
TWSVa.chr9,58,58000000,58999999,1000000,339927,162534,160120,337419,14646,20293,93150
TWSVa.chr9,59,59000000,59999999,1000000,336906,167425,164276,331393,16070,22039,93919
TWSVa.chr9,60,60000000,60999999,1000000,345861,158530,157814,337695,15293,20412,89802
TWSVa.chr9,61,61000000,61999999,1000000,335992,159484,161694,342830,16463,20961,88711
TWSVa.chr9,62,62000000,62999999,1000000,341648,156894,158377,343081,14990,18881,90073
TWSVa.chr9,63,63000000,63999999,1000000,340187,158823,158911,342079,15497,19377,90393
TWSVa.chr9,64,64000000,64999999,1000000,338139,162065,160628,339168,16561,20385,91390
TWSVa.chr9,65,65000000,65999999,1000000,325495,168086,169942,336477,17266,17238,93139
TWSVa.chr9,66,66000000,66999999,1000000,298577,191991,165981,343451,24089,14167,97676
TWSVa.chr9,67,67000000,67200912,200912,60235,38445,32998,69234,4504,2874,19802
TWSVa.chr6,0,0,999999,1000000,346039,173138,187094,293729,24708,16041,89522
TWSVa.chr6,1,1000000,1999999,1000000,343995,167243,171230,317532,19212,18194,91766
TWSVa.chr6,2,2000000,2999999,1000000,343579,157447,160081,338893,15171,19312,90064
TWSVa.chr6,3,3000000,3999999,1000000,340990,160811,159772,338327,14474,19554,91441
TWSVa.chr6,4,4000000,4999999,1000000,344099,154787,156056,345058,14031,17998,89755
TWSVa.chr6,5,5000000,5999999,1000000,338932,162330,157779,340859,15222,20095,91893
TWSVa.chr6,6,6000000,6999999,1000000,342100,159579,158271,340050,14890,19352,91429
TWSVa.chr6,7,7000000,7999999,1000000,331503,172087,167136,329274,17597,22887,94665
TWSVa.chr6,8,8000000,8999999,1000000,340967,163222,161280,334431,14776,19811,93460
TWSVa.chr6,9,9000000,9999999,1000000,334013,170023,167131,328833,17253,22181,94062
TWSVa.chr6,10,10000000,10999999,1000000,335474,167259,165373,331894,16612,21430,93682
TWSVa.chr6,11,11000000,11999999,1000000,331938,164287,169054,334721,17126,21561,91373
TWSVa.chr6,12,12000000,12999999,1000000,333429,162958,170683,332930,16183,21943,90971
TWSVa.chr6,13,13000000,13999999,1000000,328113,166470,168335,337082,16539,21062,93221
TWSVa.chr6,14,14000000,14999999,1000000,328597,171506,168535,331362,18011,22365,94644
TWSVa.chr6,15,15000000,15999999,1000000,329850,170395,169440,330315,17477,22634,94080
TWSVa.chr6,16,16000000,16999999,1000000,336940,164375,166138,332447,16383,20703,92515
TWSVa.chr6,17,17000000,17999999,1000000,327639,171955,173857,326549,18187,23250,94278
TWSVa.chr6,18,18000000,18999999,1000000,329672,171807,164819,333702,16054,22226,96295
TWSVa.chr6,19,19000000,19999999,1000000,324051,172464,172606,330879,18003,23363,94488
TWSVa.chr6,20,20000000,20999999,1000000,329578,171339,170663,328420,17840,23172,94037
TWSVa.chr6,21,21000000,21999999,1000000,334909,166268,167012,331711,15575,21181,93683
TWSVa.chr6,22,22000000,22999999,1000000,328718,172644,169135,329503,16437,22475,96189
TWSVa.chr6,23,23000000,23999999,1000000,322715,174910,175500,326875,19379,24729,94186
TWSVa.chr6,24,24000000,24999999,1000000,332738,173473,165416,328373,17321,24138,95736
TWSVa.chr6,25,25000000,25999999,1000000,332123,168828,168570,330479,18255,23712,91945
TWSVa.chr6,26,26000000,26999999,1000000,329845,171701,169613,328841,17585,24329,93976
TWSVa.chr6,27,27000000,27999999,1000000,327046,174331,170041,328582,17807,23587,96010
TWSVa.chr6,28,28000000,28999999,1000000,324328,175883,173482,326307,19327,25774,94557
TWSVa.chr6,29,29000000,29999999,1000000,326195,169900,172023,331882,17608,23702,93191
TWSVa.chr6,30,30000000,30999999,1000000,327253,169708,174115,328824,17161,23679,93458
TWSVa.chr6,31,31000000,31999999,1000000,321702,172100,179474,326724,19323,24896,92507
TWSVa.chr6,32,32000000,32999999,1000000,329305,171633,171482,327580,17375,23759,94014
TWSVa.chr6,33,33000000,33999999,1000000,331499,170938,170390,327173,17804,23657,93903
TWSVa.chr6,34,34000000,34999999,1000000,320954,176386,180523,322137,20228,25810,93817
TWSVa.chr6,35,35000000,35999999,1000000,330458,171317,171387,326838,17611,24256,93776
TWSVa.chr6,36,36000000,36999999,1000000,322825,182590,178750,315835,20685,25904,97672
TWSVa.chr6,37,37000000,37999999,1000000,261335,204512,236359,297794,43214,31086,89538
TWSVa.chr6,38,38000000,38999999,1000000,245241,210410,250555,293794,46441,29618,89740
TWSVa.chr6,39,39000000,39999999,1000000,291981,190846,207058,310115,29838,31363,92357
TWSVa.chr6,40,40000000,40999999,1000000,315968,181932,182113,319987,22165,28176,95029
TWSVa.chr6,41,41000000,41999999,1000000,315397,175765,187669,321169,21655,29033,90720
TWSVa.chr6,42,42000000,42999999,1000000,320150,187286,176974,315590,21587,28309,98015
TWSVa.chr6,43,43000000,43999999,1000000,324264,176302,176643,322791,19211,25812,94639
TWSVa.chr6,44,44000000,44999999,1000000,325372,168518,169446,336664,17419,23159,92658
TWSVa.chr6,45,45000000,45999999,1000000,324707,173910,174047,327336,18205,24154,94916
TWSVa.chr6,46,46000000,46999999,1000000,324881,173728,174188,327203,19268,25203,93798
TWSVa.chr6,47,47000000,47999999,1000000,332504,166786,166398,334312,16425,22220,93263
TWSVa.chr6,48,48000000,48999999,1000000,327658,174121,171980,326241,18862,25225,94142
TWSVa.chr6,49,49000000,49999999,1000000,322696,174925,176688,325691,18588,25106,94423
TWSVa.chr6,50,50000000,50999999,1000000,331680,170067,168478,329775,16706,22430,94673
TWSVa.chr6,51,51000000,51999999,1000000,325296,169511,172332,332861,17146,23574,93256
TWSVa.chr6,52,52000000,52999999,1000000,333317,170453,168648,327582,16513,22657,94991
TWSVa.chr6,53,53000000,53999999,1000000,326599,174953,173640,324808,18954,24578,94861
TWSVa.chr6,54,54000000,54999999,1000000,326364,173981,173087,326568,18910,24821,94349
TWSVa.chr6,55,55000000,55999999,1000000,320895,180195,175917,322893,20424,26175,95958
TWSVa.chr6,56,56000000,56999999,1000000,329708,170546,170251,329495,18135,24072,93052
TWSVa.chr6,57,57000000,57999999,1000000,335548,166133,166853,331466,16468,21162,92971
TWSVa.chr6,58,58000000,58999999,1000000,331551,174501,167879,326069,17203,23482,96377
TWSVa.chr6,59,59000000,59999999,1000000,328970,172349,170415,328266,16576,22374,96131
TWSVa.chr6,60,60000000,60999999,1000000,328410,169893,170029,331668,16985,22785,93842
TWSVa.chr6,61,61000000,61999999,1000000,335453,169639,165471,329237,16094,21807,95319
TWSVa.chr6,62,62000000,62999999,1000000,333387,162426,166028,338159,15768,21892,90747
TWSVa.chr6,63,63000000,63999999,1000000,333585,166228,165914,334173,17585,21549,92360
TWSVa.chr6,64,64000000,64999999,1000000,332802,167494,166126,333578,15754,21931,93659
TWSVa.chr6,65,65000000,65999999,1000000,333587,168466,167034,330913,16849,21836,93617
TWSVa.chr6,66,66000000,66999999,1000000,332758,167864,169718,329660,16535,21908,93757
TWSVa.chr6,67,67000000,67999999,1000000,332175,164025,165235,338565,16274,21396,91863
TWSVa.chr6,68,68000000,68999999,1000000,336325,165253,166125,332297,16219,21417,92573
TWSVa.chr6,69,69000000,69999999,1000000,325896,168444,173814,331846,16623,23030,93367
TWSVa.chr6,70,70000000,70999999,1000000,330373,163641,168108,337878,15741,21533,91846
TWSVa.chr6,71,71000000,71999999,1000000,334529,169497,165945,330029,16732,22105,94281
TWSVa.chr6,72,72000000,72999999,1000000,332723,163373,165315,338589,15062,21295,92543
TWSVa.chr6,73,73000000,73999999,1000000,336820,161518,160026,341536,15011,19484,91754
TWSVa.chr6,74,74000000,74999999,1000000,339266,159666,160099,340969,15628,19427,90833
TWSVa.chr6,75,75000000,75999999,1000000,349686,151999,150608,347707,13855,17311,88349
TWSVa.chr6,76,76000000,76999999,1000000,341763,159192,159132,339913,13653,17617,92904
TWSVa.chr6,77,77000000,77999999,1000000,340790,155400,159035,344775,14740,18078,90207
TWSVa.chr6,78,78000000,78999999,1000000,327293,164190,161375,347142,16972,16568,91895
TWSVa.chr6,79,79000000,79999999,1000000,297982,190595,166763,344660,24543,12836,97084
TWSVa.chr6,80,80000000,80119648,119648,33633,20590,23334,42091,2582,1453,10517
TWSVa.chrX,0,0,999999,1000000,345675,170716,187363,296246,23972,15961,90305
TWSVa.chrX,1,1000000,1999999,1000000,339472,167018,178519,314991,21046,18530,90835
TWSVa.chrX,2,2000000,2999999,1000000,337548,169051,176843,316558,20033,19165,91850
TWSVa.chrX,3,3000000,3999999,1000000,333115,164947,165398,336540,17317,19525,91216
TWSVa.chrX,4,4000000,4999999,1000000,333331,170778,169621,326270,17485,22424,94127
TWSVa.chrX,5,5000000,5999999,1000000,329950,174373,170256,325421,17966,22828,96063
TWSVa.chrX,6,6000000,6999999,1000000,327109,174125,174815,323951,17550,23291,96020
TWSVa.chrX,7,7000000,7999999,1000000,332362,172709,167614,327315,16980,21937,96125
TWSVa.chrX,8,8000000,8999999,1000000,333886,163339,165974,336801,16535,20670,91390
TWSVa.chrX,9,9000000,9999999,1000000,338984,163736,162868,334412,16458,20596,91899
TWSVa.chrX,10,10000000,10999999,1000000,333351,165395,167423,333831,16832,21596,91844
TWSVa.chrX,11,11000000,11999999,1000000,327091,169815,168549,334545,17894,22102,93437
TWSVa.chrX,12,12000000,12999999,1000000,336540,168987,165903,328570,17341,21189,94066
TWSVa.chrX,13,13000000,13999999,1000000,328785,172393,174034,324788,18136,23521,94195
TWSVa.chrX,14,14000000,14999999,1000000,329697,165979,167705,336619,16177,21325,93286
TWSVa.chrX,15,15000000,15999999,1000000,329543,168375,170402,331580,17650,22358,92826
TWSVa.chrX,16,16000000,16999999,1000000,331265,170424,167902,330409,16383,22614,94978
TWSVa.chrX,17,17000000,17999999,1000000,325292,172439,174214,328055,19641,23241,93246
TWSVa.chrX,18,18000000,18999999,1000000,325476,172788,170315,331421,18059,22960,94809
TWSVa.chrX,19,19000000,19999999,1000000,330157,168381,171058,330404,18398,22481,92297
TWSVa.chrX,20,20000000,20999999,1000000,335033,163256,167759,333952,16853,21921,90648
TWSVa.chrX,21,21000000,21999999,1000000,332761,166459,166412,334368,16524,21447,93094
TWSVa.chrX,22,22000000,22999999,1000000,333832,164603,166584,334981,16007,21554,92227
TWSVa.chrX,23,23000000,23999999,1000000,333924,167797,168261,329918,17334,21733,92923
TWSVa.chrX,24,24000000,24999999,1000000,332633,168974,169540,328853,18600,22811,92434
TWSVa.chrX,25,25000000,25999999,1000000,339387,169413,165184,326016,17064,22134,94271
TWSVa.chrX,26,26000000,26999999,1000000,327359,170220,172996,329425,17361,22863,93796
TWSVa.chrX,27,27000000,27999999,1000000,328104,174179,171891,325826,18195,24079,94835
TWSVa.chrX,28,28000000,28999999,1000000,327902,169631,171870,330597,17829,23950,92732
TWSVa.chrX,29,29000000,29999999,1000000,325786,172913,175834,325467,18334,24927,93876
TWSVa.chrX,30,30000000,30999999,1000000,327434,180276,171415,320875,19289,26131,97030
TWSVa.chrX,31,31000000,31999999,1000000,318949,181490,179776,319785,21312,26795,95977
TWSVa.chrX,32,32000000,32999999,1000000,320761,178752,177202,323285,19803,26715,95107
TWSVa.chrX,33,33000000,33999999,1000000,320949,181346,179001,318704,20154,27320,96402
TWSVa.chrX,34,34000000,34999999,1000000,303118,203876,194673,298233,25852,35498,100063
TWSVa.chrX,35,35000000,35999999,1000000,321371,174963,181494,322172,20565,26214,92656
TWSVa.chrX,36,36000000,36999999,1000000,325650,170580,172510,331260,18347,23839,92919
TWSVa.chrX,37,37000000,37999999,1000000,325011,175942,172357,326690,18821,24633,94997
TWSVa.chrX,38,38000000,38999999,1000000,327069,170227,171388,331316,18192,23593,93115
TWSVa.chrX,39,39000000,39999999,1000000,330665,173409,170456,325470,19375,23813,93997
TWSVa.chrX,40,40000000,40999999,1000000,331498,172366,166352,329584,17358,22686,95012
TWSVa.chrX,41,41000000,41999999,1000000,331024,170445,164126,334305,16939,22252,95032
TWSVa.chrX,42,42000000,42999999,1000000,334146,168990,166380,330484,17124,22098,93877
TWSVa.chrX,43,43000000,43999999,1000000,333765,169452,168181,328502,17556,22539,93593
TWSVa.chrX,44,44000000,44999999,1000000,335487,168756,164072,331685,17136,23150,93122
TWSVa.chrX,45,45000000,45999999,1000000,337707,164670,162087,335436,15179,21541,92938
TWSVa.chrX,46,46000000,46999999,1000000,334489,166303,166628,332580,16921,22311,92230
TWSVa.chrX,47,47000000,47999999,1000000,333158,167228,170025,329589,17650,22927,91879
TWSVa.chrX,48,48000000,48999999,1000000,326944,166832,167741,338483,17551,22944,91730
TWSVa.chrX,49,49000000,49999999,1000000,334713,163565,160624,341098,15338,21251,92214
TWSVa.chrX,50,50000000,50999999,1000000,330584,168567,167297,333552,17730,22583,92971
TWSVa.chrX,51,51000000,51999999,1000000,330417,173782,167085,328716,17814,23041,95971
TWSVa.chrX,52,52000000,52999999,1000000,334008,168312,164240,333440,16757,21667,94159
TWSVa.chrX,53,53000000,53999999,1000000,335066,162408,163470,339056,16199,21586,90682
TWSVa.chrX,54,54000000,54999999,1000000,341697,160768,161652,335883,16154,20844,90288
TWSVa.chrX,55,55000000,55999999,1000000,329979,171331,167099,331591,18268,23312,93668
TWSVa.chrX,56,56000000,56999999,1000000,339165,158910,162091,339834,16297,20456,89063
TWSVa.chrX,57,57000000,57999999,1000000,333349,159371,165141,342039,16656,20802,88917
TWSVa.chrX,58,58000000,58999999,1000000,340220,159962,161699,338119,16264,20508,89606
TWSVa.chrX,59,59000000,59999999,1000000,336751,159224,163796,340229,17293,21119,88096
TWSVa.chrX,60,60000000,60999999,1000000,325234,171618,172419,330729,18203,22853,94113
TWSVa.chrX,61,61000000,61999999,1000000,328890,171510,174505,325095,17803,23115,94268
TWSVa.chrX,62,62000000,62999999,1000000,326630,181042,174224,318104,19424,25091,97626
TWSVa.chrX,63,63000000,63999999,1000000,336041,167738,163538,332383,15604,21203,94579
TWSVa.chrX,64,64000000,64999999,1000000,329215,170039,171182,329564,18157,22698,93176
TWSVa.chrX,65,65000000,65999999,1000000,335699,167641,167869,328791,17192,21934,93056
TWSVa.chrX,66,66000000,66999999,1000000,332578,167840,167515,332067,16506,21839,93031
TWSVa.chrX,67,67000000,67999999,1000000,332100,169001,167651,331248,16923,21876,94322
TWSVa.chrX,68,68000000,68999999,1000000,334693,166925,163763,334619,15818,22329,93543
TWSVa.chrX,69,69000000,69999999,1000000,333287,163515,164981,338117,16104,21489,91874
TWSVa.chrX,70,70000000,70999999,1000000,334524,163475,164275,337726,14870,20886,93052
TWSVa.chrX,71,71000000,71999999,1000000,332637,159676,164071,343616,15281,20475,90142
TWSVa.chrX,72,72000000,72999999,1000000,337687,159777,161577,340959,14957,20389,90659
TWSVa.chrX,73,73000000,73999999,1000000,345205,160044,157897,336754,15225,19531,91004
TWSVa.chrX,74,74000000,74999999,1000000,342267,157268,154161,346304,14573,19081,90347
TWSVa.chrX,75,75000000,75999999,1000000,341233,155703,156154,346910,14664,17873,89265
TWSVa.chrX,76,76000000,76899919,899919,269315,169194,151109,310301,20649,12392,86775
TWSVa.000049l,0,0,806302,806302,220592,183427,184116,218167,32472,30076,83799
TWSVa.000067l,0,0,55119,55119,13609,15356,12779,13375,3406,2550,6219
TWSVa.000073l,0,0,28937,28937,7184,8027,6710,7016,1749,1319,3278
TWSVa.000077l,0,0,64284,64284,15566,14950,17915,15853,4018,2668,5579
TWSVa.000083l,0,0,133807,133807,32930,37542,30873,32462,8181,6156,15329
TWSVa.000087l,0,0,586754,586754,147473,117257,132444,189580,16558,22635,55492
TWSVa.000088l,0,0,40180,40180,9777,9251,11077,10075,2402,1607,3516
TWSVa.000089l,0,0,67337,67337,16324,15681,18805,16527,4216,2788,5842
TWSVa.000095l,0,0,50327,50327,12287,11617,13869,12554,3011,2033,4405
TWSVa.000096l,0,0,45830,45830,11374,12705,10607,11144,2803,2099,5164
TWSVa.000100l,0,0,214171,214171,52943,59570,49695,51963,13213,9880,24158
TWSVa.000102l,0,0,21650,21650,5326,4966,5907,5451,1253,854,1905
TWSVa.000104l,0,0,89348,89348,21669,20792,24931,21956,5535,3695,7768
TWSVa.000105l,0,0,30790,30790,7472,7170,8588,7560,1913,1285,2672
TWSVa.000106l,0,0,154551,154551,38089,43065,35903,37494,9543,7165,17450
TWSVa.000107l,0,0,66117,66117,16033,15329,18419,16336,4039,2705,5768
TWSVa.000109l,0,0,97900,97900,24373,27097,22639,23791,5940,4465,11050
TWSVa.000111l,0,0,234798,234798,57259,54121,65193,58225,14182,9597,20464
TWSVa.000113l,0,0,82562,82562,20410,22962,19162,20028,5094,3806,9313
TWSVa.000116l,0,0,22517,22517,5448,5266,6331,5472,1450,954,1944
TWSVa.000117l,0,0,95781,95781,33842,14062,13991,33886,1387,1704,8174
TWSVa.000118l,0,0,999999,1000000,298291,189868,168224,343617,25322,12985,97378
TWSVa.000118l,1,1000000,1396469,396469,116442,74743,68637,136647,9542,5939,37531
TWSVa.000119l,0,0,126412,126412,45254,18259,17637,45262,1732,2100,10812
TWSVa.000120l,0,0,60096,60096,14618,13879,16615,14984,3677,2454,5235
TWSVa.000121l,0,0,145894,145894,36255,40440,33769,35430,8904,6666,16466
TWSVa.000122l,0,0,96600,96600,23459,22345,26767,24029,5871,3925,8430
TWSVa.000123l,0,0,62092,62092,15043,14478,17386,15185,3920,2604,5370
TWSVa.000124l,0,0,100562,100562,24850,27975,23335,24402,6193,4633,11355
TWSVa.000125l,0,0,36956,36956,9106,9747,9052,9051,2189,1700,3951
TWSVa.000126l,0,0,21134,21134,6087,4255,4616,6176,811,663,1973
TWSVa.000127l,0,0,119669,119669,36049,22490,22373,38757,2679,3254,11712
TWSVa.000128l,0,0,64852,64852,15696,15062,18101,15993,4017,2683,5631
TWSVa.000129l,0,0,103821,103821,25908,28849,23626,25438,6121,4696,11914
TWSVa.000130l,0,0,45510,45510,11044,10558,12662,11246,2801,1865,3961
TWSVa.000131l,0,0,195879,195879,47460,45242,54750,48427,12040,8020,17029
TWSVa.000133l,0,0,100593,100593,24437,23288,27866,25002,6146,4109,8770
TWSVa.000134l,0,0,37209,37209,9193,10353,8631,9032,2294,1720,4196
TWSVa.000135l,0,0,43706,43706,10784,9755,12240,10927,2504,1756,3762
TWSVa.000136l,0,0,53566,53566,13043,12358,14818,13347,3237,2175,4671
TWSVa.000137l,0,0,33510,33510,8047,7832,9451,8180,2160,1416,2886
TWSVa.000138l,0,0,60823,60823,14792,14067,16808,15156,3742,2484,5293
TWSVa.000139l,0,0,59420,59420,14399,13848,16650,14523,3742,2482,5131
TWSVa.000140l,0,0,50898,50898,12564,11448,14267,12619,2961,2069,4378
TWSVa.000141l,0,0,64331,64331,15626,14909,17828,15968,3936,2634,5608
TWSVa.000142l,0,0,37592,37592,9298,10452,8705,9137,2315,1733,4240
TWSVa.000143l,0,0,17793,17793,4232,4175,5077,4309,1139,755,1536
TWSVa.000144l,0,0,29531,29531,7132,6837,8200,7362,1820,1208,2571
TWSVa.000145l,0,0,38619,38619,9344,8938,10728,9609,2378,1580,3360
TWSVa.000146l,0,0,29435,29435,7099,6813,8177,7346,1814,1201,2557
TWSVa.000147l,0,0,31337,31337,7674,7225,8593,7845,1843,1254,2758
TWSVa.000148l,0,0,221074,221074,53594,51368,61637,54475,13711,9143,19208
TWSVa.000149l,0,0,71839,71839,21156,13834,12073,24776,1829,1014,6980
TWSVa.000150l,0,0,51338,51338,13860,12731,10718,14029,2538,1996,5565
TWSVa.000151l,0,0,32176,32176,8132,8813,7401,7830,1895,1420,3642
TWSVa.000152l,0,0,77412,77412,19270,21430,17884,18828,4693,3512,8747
TWSVa.000153l,0,0,22537,22537,5385,6405,5316,5431,1483,1098,2533
TWSVa.000154l,0,0,100860,100860,24469,23385,28070,24936,6219,4140,8770
TWSVa.000155l,0,0,50362,50362,12192,11760,14142,12268,3199,2109,4343
TWSVa.000157l,0,0,94146,94146,22971,21494,26374,23307,5723,3866,8103
TWSVa.000158l,0,0,58392,58392,14208,13474,16114,14596,3555,2370,5085
TWSVa.000159l,0,0,36697,36697,9120,10172,8494,8911,2242,1680,4149
TWSVa.000160l,0,0,211926,211926,75191,46416,35480,54839,7633,6500,20826
TWSVa.000161c,0,0,71808,71808,27256,10564,9144,24844,746,1029,6485
TWSVa.000162l,0,0,53873,53873,13106,12428,14910,13429,3251,2196,4698
TWSVa.000163l,0,0,36627,36627,9095,10178,8456,8898,2226,1684,4144
TWSVa.000164l,0,0,28394,28394,6916,6567,7870,7041,1731,1157,2476
TWSVa.000165l,0,0,56808,56808,14167,15935,12558,14148,3202,2570,6705
TWSVa.000166l,0,0,33012,33012,8028,9310,7735,7939,2130,1587,3705
TWSVa.000167l,0,0,52535,52535,13064,14722,11823,12926,3065,2397,6109
TWSVa.000168l,0,0,54305,54305,13541,14991,12555,13218,3297,2464,6120
TWSVa.000169l,0,0,85993,85993,20986,19608,24090,21309,5185,3520,7419
TWSVa.000170l,0,0,15563,15563,4848,2637,3043,5035,372,471,1293
TWSVa.000171l,0,0,26679,26679,6472,6179,7401,6627,1634,1082,2333
TWSVa.000172l,0,0,116439,116439,36781,20616,21318,37724,2348,2829,11048
TWSVa.000173l,0,0,55984,55984,13723,12633,15695,13933,3309,2282,4817
TWSVa.000175l,0,0,31758,31758,7700,8956,7436,7666,2045,1510,3580
TWSVa.000176l,0,0,61973,61973,14950,14435,17372,15216,3913,2587,5361
TWSVa.000177l,0,0,38197,38197,9229,8843,10621,9504,2357,1560,3319
TWSVa.000178c,0,0,71800,71800,24832,9142,10569,27257,745,1016,5644
TWSVa.000179l,0,0,40325,40325,9754,9424,11346,9801,2564,1698,3474
TWSVa.000180l,0,0,39906,39906,9722,11216,9301,9667,2522,1898,4493
TWSVa.000181l,0,0,62984,62984,15324,14643,17526,15491,3890,2597,5482
TWSVa.000182l,0,0,25287,25287,6108,7137,5938,6104,1630,1223,2846
TWSVa.000183l,0,0,43811,43811,10746,12192,10202,10671,2714,2030,4942
TWSVa.000185l,0,0,32326,32326,8178,8853,7423,7872,1894,1424,3666
TWSVa.000186l,0,0,29456,29456,7239,8225,6847,7145,1833,1391,3306
TWSVa.000187l,0,0,37121,37121,9174,10316,8614,9017,2302,1718,4173
TWSVa.000188l,0,0,85001,85001,21008,23656,19730,20607,5199,3906,9632
TWSVa.000189l,0,0,35166,35166,8494,8223,9905,8544,2214,1480,3049
TWSVa.000190l,0,0,30384,30384,7394,8531,7115,7344,1945,1424,3434
TWSVa.000191l,0,0,21451,21451,5457,5834,4902,5258,1278,949,2393
TWSVa.000192l,0,0,38335,38335,9500,10641,8893,9301,2359,1764,4325
TWSVa.000193l,0,0,132627,132627,43123,22406,22514,44584,2224,2759,12628
TWSVa.000194l,0,0,80355,80355,26094,14371,13662,26228,2176,1835,7453
TWSVa.000195l,0,0,21197,21197,5343,5797,4852,5205,1224,921,2409
TWSVa.000196l,0,0,75908,75908,18398,17645,21174,18691,4722,3138,6586
TWSVa.000197l,0,0,107276,107276,26782,30037,24097,26360,6250,4895,12466
TWSVa.000198l,0,0,27398,27398,6759,7636,6351,6652,1694,1266,3091
TWSVa.000199l,0,0,21649,21649,5508,5915,4945,5281,1258,940,2455
TWSVa.000200l,0,0,97289,97289,30999,18526,17862,29902,2016,2546,9880
TWSVa.000201l,0,0,50585,50585,12245,11819,14186,12335,3203,2121,4369
TWSVa.000202l,0,0,19992,19992,4981,5551,4623,4837,1233,932,2244
TWSVa.000203l,0,0,27423,27423,8847,4773,4511,9292,407,615,2656
TWSVa.000204l,0,0,33086,33086,8057,7617,9096,8316,1960,1322,2901
TWSVa.000205l,0,0,42051,42051,10453,11614,9716,10268,2525,1908,4743
TWSVa.000206l,0,0,87907,87907,21310,20465,24557,21575,5493,3660,7612
TWSVa.000207l,0,0,53402,53402,17914,9236,9465,16787,1461,1212,4774
TWSVa.000208l,0,0,33599,33599,8489,9215,7711,8184,1975,1490,3802
TWSVa.000209l,0,0,28687,28687,7087,7976,6658,6966,1773,1328,3227
TWSVa.000210l,0,0,30767,30767,7462,7163,8583,7559,1910,1283,2670
TWSVa.000211l,0,0,28634,28634,6953,6634,7941,7106,1742,1167,2506
TWSVa.000212l,0,0,43380,43380,10715,12096,10065,10504,2726,2013,4877
TWSVa.000213l,0,0,27174,27174,6612,6277,7523,6762,1657,1104,2365
TWSVa.000214l,0,0,38276,38276,9446,10657,8890,9283,2374,1769,4317
TWSVa.000215l,0,0,35634,35634,8848,9892,8236,8658,2177,1620,4032
TWSVa.000216l,0,0,39621,39621,9651,11123,9254,9593,2519,1863,4470
TWSVa.000217l,0,0,19949,19949,5630,4189,4617,5513,838,674,1865
TWSVa.000218l,0,0,88793,88793,21590,20522,24566,22115,5383,3602,7748
TWSVa.000220l,0,0,21839,21839,5269,5119,6170,5281,1403,933,1876
TWSVa.000221l,0,0,35741,35741,8820,7885,10033,9003,2019,1427,3061
TWSVa.000222l,0,0,34350,34350,8340,9684,8043,8283,2174,1633,3891
TWSVa.000223l,0,0,39052,39052,9677,10837,9057,9481,2392,1794,4412
TWSVa.000224l,0,0,22789,22789,5502,5266,6305,5716,1416,935,1981
TWSVa.000225l,0,0,41783,41783,10190,11724,9772,10097,2631,1978,4714
TWSVa.000226l,0,0,47452,47452,11754,13183,10984,11531,2887,2169,5376
TWSVa.000227l,0,0,39943,39943,9921,11113,9249,9660,2474,1850,4498
TWSVa.000228l,0,0,50944,50944,12721,14041,11743,12439,3048,2288,5761
TWSVa.000229l,0,0,72186,72186,17458,16815,20216,17697,4550,3020,6238
TWSVa.000230l,0,0,20879,20879,5036,5913,4881,5049,1340,1012,2352
TWSVa.000231l,0,0,101168,101168,29545,16984,19831,34808,2220,1230,8822
TWSVa.000232l,0,0,31313,31313,7857,8587,7211,7658,1840,1383,3549
TWSVa.000233l,0,0,73458,73458,18076,20451,17069,17862,4535,3398,8288
TWSVa.000234l,0,0,34723,34723,8505,9656,8098,8464,2147,1611,3914
TWSVa.000235l,0,0,48440,48440,12244,13466,10770,11960,2721,2147,5662
TWSVa.000236l,0,0,17503,17503,4882,3711,4185,4725,767,618,1611
TWSVa.000237l,0,0,77886,77886,25410,13830,13115,25531,2090,1750,7194
TWSVa.000238l,0,0,35255,35255,8696,9816,8183,8560,2213,1640,3950
TWSVa.000239l,0,0,31270,31270,7670,8921,6952,7727,1817,1469,3711
TWSVa.000240l,0,0,22544,22544,5481,5235,6292,5536,1363,927,1966
TWSVa.000241l,0,0,36691,36691,9088,10194,8493,8916,2248,1691,4139
TWSVa.000242l,0,0,43956,43956,11034,12095,10114,10713,2623,1972,4964
TWSVa.000243l,0,0,19827,19827,4820,4591,5491,4925,1213,816,1723
TWSVa.000244l,0,0,19187,19187,4723,5336,4475,4653,1202,886,2157
TWSVa.000245l,0,0,83528,83528,20270,19360,23217,20681,5143,3420,7268
TWSVa.000246l,0,0,39263,39263,9519,9074,10889,9781,2433,1614,3417
TWSVa.000247l,0,0,42903,42903,10617,11886,9921,10479,2590,1959,4850
TWSVa.000248l,0,0,40425,40425,9823,11373,9447,9782,2571,1928,4550
TWSVa.000249l,0,0,25663,25663,6191,6018,7261,6193,1627,1089,2221
TWSVa.000250l,0,0,26412,26412,6489,7368,6138,6417,1688,1244,2943
TWSVa.000251l,0,0,30295,30295,7349,7061,8468,7417,1899,1272,2619
TWSVa.000252l,0,0,36957,36957,9002,8577,10280,9098,2279,1526,3211
TWSVa.000253l,0,0,35439,35439,11310,5960,6109,12060,952,770,3144
TWSVa.000254l,0,0,29842,29842,7455,8289,6896,7202,1837,1378,3358
TWSVa.000255l,0,0,20606,20606,5015,5790,4837,4964,1331,970,2325
TWSVa.000256l,0,0,47532,47532,11533,11038,13245,11716,2943,1968,4127
TWSVa.000257l,0,0,61314,61314,14903,14188,16981,15242,3791,2508,5327
TWSVa.000258l,0,0,48119,48119,16196,8293,8392,15238,1297,1059,4338
TWSVa.000259l,0,0,36660,36660,9104,10149,8491,8916,2240,1679,4122
TWSVa.000260l,0,0,33775,33775,8223,7755,9264,8533,1991,1348,2970
TWSVa.000262l,0,0,41113,41113,13512,6758,7507,13336,1087,905,3539
TWSVa.000263l,0,0,50173,50173,12220,11552,13846,12555,3018,2019,4382
TWSVa.000264l,0,0,28672,28672,7100,7975,6629,6968,1759,1323,3239
TWSVa.000265l,0,0,35754,35754,8766,10049,8342,8597,2263,1692,4037
TWSVa.000266l,0,0,28524,28524,7020,7956,6622,6926,1770,1320,3217
TWSVa.000267l,0,0,32181,32181,7877,7417,8843,8044,1901,1296,2823
TWSVa.000268l,0,0,28037,28037,6804,6502,7798,6933,1726,1155,2438
TWSVa.000269l,0,0,19526,19526,5617,3471,3972,6466,441,621,1747
TWSVa.000270l,0,0,31029,31029,7647,8661,7216,7505,1886,1445,3519
TWSVa.000271l,0,0,40194,40194,9774,9254,11081,10085,2407,1606,3514
TWSVa.000272l,0,0,80747,80747,27220,13519,14201,25807,2160,1768,7050
TWSVa.000273l,0,0,32646,32646,7890,7624,9194,7938,2029,1362,2832
TWSVa.000274l,0,0,28166,28166,6844,6533,7814,6975,1729,1156,2456
TWSVa.000275l,0,0,23505,23505,5639,5478,6595,5793,1504,982,2035
TWSVa.000276l,0,0,39417,39417,9540,9110,10957,9810,2421,1617,3429
TWSVa.000277l,0,0,35111,35111,8609,9851,8171,8480,2238,1663,3938
TWSVa.000278l,0,0,32604,32604,8122,8981,7531,7970,1943,1477,3676
TWSVa.000279l,0,0,58354,58354,15562,13578,12955,16259,2344,2088,6281
TWSVa.000280l,0,0,39891,39891,12363,8050,7408,12070,1342,1121,3877
TWSVa.000281l,0,0,28635,28635,7098,7936,6647,6954,1752,1316,3227
TWSVa.000282l,0,0,25046,25046,6102,5779,6943,6222,1502,1013,2184
TWSVa.000283l,0,0,55654,55654,13526,12888,15454,13786,3419,2274,4845
TWSVa.000284l,0,0,39648,39648,9796,11030,9199,9623,2462,1837,4463
TWSVa.000285l,0,0,34616,34616,8722,9504,7960,8430,2057,1535,3916
TWSVa.000286l,0,0,44503,44503,10924,12464,10362,10753,2817,2095,4994
TWSVa.000287l,0,0,33461,33461,8155,7674,9171,8461,1965,1333,2946
TWSVa.000288l,0,0,29946,29946,7523,8233,6898,7292,1811,1341,3363
TWSVa.000289l,0,0,31840,31840,7936,8855,7373,7676,1980,1461,3585
TWSVa.000290l,0,0,37368,37368,9072,8665,10392,9239,2305,1535,3249
TWSVa.000291l,0,0,32572,32572,7846,7594,9143,7989,2078,1360,2818
TWSVa.000292l,0,0,56562,56562,13988,15734,13112,13728,3489,2612,6377
TWSVa.000293l,0,0,30140,30140,7327,6974,8333,7506,1797,1217,2647
TWSVa.000294l,0,0,52363,52363,12824,14694,12208,12637,3323,2482,5889
TWSVa.000295l,0,0,36995,36995,11517,7447,6802,11229,1236,1029,3602
TWSVa.000296l,0,0,53507,53507,12989,12397,14881,13240,3274,2184,4653
TWSVa.000297l,0,0,13226,13226,4285,2062,2638,4241,256,424,1036
TWSVa.000298l,0,0,33829,33829,8168,8085,9071,8505,1918,1397,3205
TWSVa.000299l,0,0,34418,34418,8393,8004,9576,8445,2114,1413,2994
TWSVa.000301l,0,0,45983,45983,11147,10686,12788,11362,2837,1889,4011
TWSVa.000302l,0,0,32922,32922,8006,7648,9195,8073,2018,1358,2862
TWSVa.000303l,0,0,24541,24541,7082,4810,5084,7565,865,724,2298
TWSVa.000304l,0,0,31256,31256,7823,8576,7200,7657,1836,1387,3541
TWSVa.000305l,0,0,32215,32215,10177,5750,6416,9872,1087,857,2727
TWSVa.000306l,0,0,24741,24741,7117,5054,5513,7057,975,797,2304
TWSVa.000307l,0,0,28583,28583,7093,7934,6627,6929,1742,1310,3231
TWSVa.000308l,0,0,18005,18005,5235,3593,3682,5495,649,527,1714
TWSVa.000309l,0,0,16261,16261,5765,2603,2380,5513,363,304,1419
TWSVa.000310l,0,0,33138,33138,8828,7838,7274,9198,1259,1232,3683
TWSVa.000312l,0,0,23922,23922,5936,6591,5523,5872,1419,1080,2698
TWSVa.000313l,0,0,17639,17639,4308,4951,4119,4261,1106,833,1996
TWSVa.000314l,0,0,31304,31304,7576,7310,8777,7641,1994,1314,2711
TWSVa.000315l,0,0,18955,18955,4631,4383,5232,4709,1157,771,1653
