Id,Length,a,A,c,C,g,G,t,T,w,W,s,S,m,M,k,K,r,R,y,Y,n,N
MBFBa.chr1,65169180,14492261,7239943,7370830,3455032,7352851,3455603,14534448,7265212,0,0,0,0,0,0,0,0,0,0,0,0,100,2900
MBFBa.chr5,78991398,21495966,4493639,11472781,2090116,11445389,2091714,21399501,4497392,0,0,0,0,0,0,0,0,0,0,0,0,0,4900
MBFBa.chr2,75962994,20109127,4796369,10720889,2269461,10766251,2265308,20216608,4814181,0,0,0,0,0,0,0,0,0,0,0,0,200,4600
MBFBa.chr3,83395567,22689978,4659110,12222449,2168240,12176709,2171844,22634644,4667493,0,0,0,0,0,0,0,0,0,0,0,0,0,5100
MBFBa.chr4,82471849,21531851,5799564,11179604,2697474,11219901,2702225,21539682,5794648,0,0,0,0,0,0,0,0,0,0,0,0,300,6600
MBFBa.chr7,65041395,17527190,3728934,9537888,1737043,9580882,1740585,17496590,3686783,0,0,0,0,0,0,0,0,0,0,0,0,100,5400
MBFBa.chr8,55024881,13159500,4970588,6955325,2392800,7013429,2397385,13132850,4998304,0,0,0,0,0,0,0,0,0,0,0,0,0,4700
MBFBa.chr9,65558014,17283690,4376845,9194988,2062867,9095320,2066723,17075536,4397745,0,0,0,0,0,0,0,0,0,0,0,0,0,4300
MBFBa.chr6,76317444,20646614,4439122,10983235,2044758,11019401,2044117,20700894,4435303,0,0,0,0,0,0,0,0,0,0,0,0,200,3800
MBFBa.chrX,84615515,21251593,6687141,11255666,3174299,11225874,3161293,21204072,6650177,0,0,0,0,0,0,0,0,0,0,0,0,0,5400
MBFBa.000001l,472379,70089,90419,56944,53557,33481,53520,64265,50104,0,0,0,0,0,0,0,0,0,0,0,0,0,0
MBFBa.000038l,59090,1331,13411,1617,14691,1146,12489,1238,13167,0,0,0,0,0,0,0,0,0,0,0,0,0,0
MBFBa.000080l,54674,18953,12,9238,6,10414,8,16028,15,0,0,0,0,0,0,0,0,0,0,0,0,0,0
MBFBa.000087l,1345336,368284,70562,197203,33628,198407,35042,369464,72746,0,0,0,0,0,0,0,0,0,0,0,0,0,0
MBFBa.000109l,220454,4205,49246,3903,47323,5496,55959,4516,49806,0,0,0,0,0,0,0,0,0,0,0,0,0,0
MBFBa.000132l,86170,29875,0,14343,0,16492,2,25458,0,0,0,0,0,0,0,0,0,0,0,0,0,0,0
MBFBa.000136l,32978,10697,0,5945,0,5123,0,11213,0,0,0,0,0,0,0,0,0,0,0,0,0,0,0
MBFBa.000146l,59829,17876,0,11435,1,10098,0,20417,2,0,0,0,0,0,0,0,0,0,0,0,0,0,0
MBFBa.000153l,151485,3062,34543,3724,38286,2643,32430,2856,33941,0,0,0,0,0,0,0,0,0,0,0,0,0,0
MBFBa.000171l,51028,15235,0,9768,0,8565,0,17460,0,0,0,0,0,0,0,0,0,0,0,0,0,0,0
MBFBa.000182l,24911,382,5689,463,6576,328,5490,352,5631,0,0,0,0,0,0,0,0,0,0,0,0,0,0
MBFBa.000191l,48167,1718,13195,1144,8586,972,7640,1747,13165,0,0,0,0,0,0,0,0,0,0,0,0,0,0
MBFBa.000195l,40512,1419,11895,643,5894,758,6464,1464,11975,0,0,0,0,0,0,0,0,0,0,0,0,0,0
MBFBa.000227l,293180,87115,585,70278,482,58502,595,74990,633,0,0,0,0,0,0,0,0,0,0,0,0,0,0
MBFBa.000228l,61586,20471,493,10102,181,11583,198,18174,384,0,0,0,0,0,0,0,0,0,0,0,0,0,0
MBFBa.000232l,45989,15823,2,7820,0,8791,5,13548,0,0,0,0,0,0,0,0,0,0,0,0,0,0,0
MBFBa.000237l,177651,50032,10527,26074,5031,23401,5126,46997,10463,0,0,0,0,0,0,0,0,0,0,0,0,0,0
MBFBa.000240l,35299,2359,8337,1124,5642,1125,6052,2075,8585,0,0,0,0,0,0,0,0,0,0,0,0,0,0
MBFBa.000254l,506693,95860,79124,46393,31692,47320,31529,95343,79432,0,0,0,0,0,0,0,0,0,0,0,0,0,0
MBFBa.000263l,242626,4602,54285,4267,52017,6009,61480,4946,55020,0,0,0,0,0,0,0,0,0,0,0,0,0,0
MBFBa.000275l,45405,4444,10254,2635,4961,2750,5519,4511,10331,0,0,0,0,0,0,0,0,0,0,0,0,0,0
MBFBa.000280l,537412,98597,82139,47860,37909,47968,38977,101587,82375,0,0,0,0,0,0,0,0,0,0,0,0,0,0
MBFBa.000289l,103929,30697,0,19690,4,17543,4,35988,3,0,0,0,0,0,0,0,0,0,0,0,0,0,0
MBFBa.000293l,57381,16984,4,10925,1,9604,2,19860,1,0,0,0,0,0,0,0,0,0,0,0,0,0,0
MBFBa.000294l,257723,83068,2014,44143,1242,43900,926,80051,2379,0,0,0,0,0,0,0,0,0,0,0,0,0,0
MBFBa.000302l,33820,3247,7399,1739,4401,1746,5050,3610,6628,0,0,0,0,0,0,0,0,0,0,0,0,0,0
MBFBa.000306l,41559,3115,9251,1586,6705,1630,6898,3672,8702,0,0,0,0,0,0,0,0,0,0,0,0,0,0
MBFBa.000312l,96408,33371,2,15883,0,18093,1,29055,3,0,0,0,0,0,0,0,0,0,0,0,0,0,0
MBFBa.000315l,32692,1978,8051,1042,4725,1014,4672,2041,9169,0,0,0,0,0,0,0,0,0,0,0,0,0,0
MBFBa.000322l,233578,4411,52300,4086,50089,5753,59242,4735,52962,0,0,0,0,0,0,0,0,0,0,0,0,0,0
MBFBa.000327l,116533,2470,26487,3003,29276,2135,24828,2301,26033,0,0,0,0,0,0,0,0,0,0,0,0,0,0
MBFBa.000329l,1546814,430753,82131,221791,41410,224343,40829,426277,79280,0,0,0,0,0,0,0,0,0,0,0,0,0,0
MBFBa.000336l,49679,950,11163,1155,12792,820,10778,885,11136,0,0,0,0,0,0,0,0,0,0,0,0,0,0
MBFBa.000337l,42914,5571,8171,3064,4416,2847,4624,5264,8957,0,0,0,0,0,0,0,0,0,0,0,0,0,0
MBFBa.000341l,79149,5206,19201,2470,12347,2598,12621,4647,20059,0,0,0,0,0,0,0,0,0,0,0,0,0,0
MBFBa.000347l,114382,2275,25906,2759,29091,1966,24613,2117,25655,0,0,0,0,0,0,0,0,0,0,0,0,0,0
MBFBa.000348l,46230,6600,9084,5518,5363,3210,5373,6064,5018,0,0,0,0,0,0,0,0,0,0,0,0,0,0
MBFBa.000349l,43093,12684,7,8192,7,7334,2,14859,8,0,0,0,0,0,0,0,0,0,0,0,0,0,0
MBFBa.000359l,83256,8410,18295,4650,10869,4736,10461,8703,17132,0,0,0,0,0,0,0,0,0,0,0,0,0,0
MBFBa.000373l,41283,934,11916,626,7699,624,7246,931,11307,0,0,0,0,0,0,0,0,0,0,0,0,0,0
MBFBa.000377l,43499,2355,12408,1231,6486,1267,6364,2270,11118,0,0,0,0,0,0,0,0,0,0,0,0,0,0
MBFBa.000378l,40043,708,8974,656,8580,924,10220,760,9221,0,0,0,0,0,0,0,0,0,0,0,0,0,0
MBFBa.000379l,67398,17485,3543,8660,1516,11103,1691,19380,4020,0,0,0,0,0,0,0,0,0,0,0,0,0,0
MBFBa.000385l,142956,46761,1176,24913,752,23838,563,43599,1354,0,0,0,0,0,0,0,0,0,0,0,0,0,0
MBFBa.000386l,168853,40253,15488,22789,7445,20086,7629,40246,14917,0,0,0,0,0,0,0,0,0,0,0,0,0,0
MBFBa.000390l,116547,11179,20137,9885,16889,9468,16789,11697,20503,0,0,0,0,0,0,0,0,0,0,0,0,0,0
MBFBa.000391l,208459,3881,46679,3594,44752,5064,52933,4164,47392,0,0,0,0,0,0,0,0,0,0,0,0,0,0
MBFBa.000392l,43868,2330,12556,1220,6540,1245,6416,2253,11308,0,0,0,0,0,0,0,0,0,0,0,0,0,0
MBFBa.000393l,50581,15009,0,9530,1,8664,0,17375,2,0,0,0,0,0,0,0,0,0,0,0,0,0,0
MBFBa.000394l,31229,892,8075,592,5473,605,5772,909,8911,0,0,0,0,0,0,0,0,0,0,0,0,0,0
MBFBa.000398l,44222,1674,12746,1093,7089,921,6542,1675,12482,0,0,0,0,0,0,0,0,0,0,0,0,0,0
MBFBa.000400l,49092,6756,9591,3744,4851,3797,4616,6824,8913,0,0,0,0,0,0,0,0,0,0,0,0,0,0
MBFBa.000401l,32186,710,7162,656,6792,915,7917,756,7278,0,0,0,0,0,0,0,0,0,0,0,0,0,0
MBFBa.000406l,164386,28203,27124,13902,12737,14144,13202,27189,27885,0,0,0,0,0,0,0,0,0,0,0,0,0,0
MBFBa.000410l,29348,2752,6312,1325,4363,1311,4821,2375,6089,0,0,0,0,0,0,0,0,0,0,0,0,0,0
MBFBa.000413l,71876,19299,3236,12829,1548,11169,1312,19510,2973,0,0,0,0,0,0,0,0,0,0,0,0,0,0
MBFBa.000418l,52679,15827,0,9718,0,8936,0,18198,0,0,0,0,0,0,0,0,0,0,0,0,0,0,0
MBFBa.000419l,40765,935,11745,626,7662,624,7209,931,11033,0,0,0,0,0,0,0,0,0,0,0,0,0,0
MBFBa.000424l,122578,42459,10,20507,2,23395,9,36184,12,0,0,0,0,0,0,0,0,0,0,0,0,0,0
MBFBa.000426l,63715,6349,14323,3690,7712,3527,7094,6238,14782,0,0,0,0,0,0,0,0,0,0,0,0,0,0
MBFBa.000427l,41397,1411,12090,734,6036,935,6583,1387,12221,0,0,0,0,0,0,0,0,0,0,0,0,0,0
MBFBa.000429l,77687,26841,1,13028,0,14968,1,22847,1,0,0,0,0,0,0,0,0,0,0,0,0,0,0
MBFBa.000433l,66770,1387,14864,1289,14170,1819,16693,1485,15063,0,0,0,0,0,0,0,0,0,0,0,0,0,0
MBFBa.000435l,54464,1058,12157,981,11657,1374,13792,1131,12314,0,0,0,0,0,0,0,0,0,0,0,0,0,0
MBFBa.000436l,35525,5261,6292,3058,3070,3066,3486,5367,5925,0,0,0,0,0,0,0,0,0,0,0,0,0,0
MBFBa.000438l,25154,3595,0,0,0,10780,1,10777,1,0,0,0,0,0,0,0,0,0,0,0,0,0,0
MBFBa.000442l,120016,38309,998,19817,368,20489,514,38700,821,0,0,0,0,0,0,0,0,0,0,0,0,0,0
MBFBa.000448l,226436,4240,50696,3919,48652,5532,57549,4548,51300,0,0,0,0,0,0,0,0,0,0,0,0,0,0
MBFBa.000449l,164592,3256,37284,3950,41923,2808,35455,3036,36880,0,0,0,0,0,0,0,0,0,0,0,0,0,0
MBFBa.000451l,39024,13416,7,6414,4,7585,2,11586,10,0,0,0,0,0,0,0,0,0,0,0,0,0,0
MBFBa.000452l,157325,2875,35256,2669,33850,3752,40077,3089,35757,0,0,0,0,0,0,0,0,0,0,0,0,0,0
MBFBa.000455l,28993,8777,106,5302,7,4841,9,9862,89,0,0,0,0,0,0,0,0,0,0,0,0,0,0
MBFBa.000459l,82098,26579,0,14686,0,14808,0,26024,1,0,0,0,0,0,0,0,0,0,0,0,0,0,0
MBFBa.000461l,118912,14422,17700,11863,15152,12279,15019,14444,18033,0,0,0,0,0,0,0,0,0,0,0,0,0,0
MBFBa.000463l,51588,3822,13010,2174,6555,2225,7133,3637,13032,0,0,0,0,0,0,0,0,0,0,0,0,0,0
MBFBa.000464l,25823,807,6600,538,4547,550,4539,839,7403,0,0,0,0,0,0,0,0,0,0,0,0,0,0
MBFBa.000465l,172952,3464,39113,4207,44009,2996,37222,3235,38706,0,0,0,0,0,0,0,0,0,0,0,0,0,0
MBFBa.000466l,35606,10977,939,6021,369,5934,333,10392,641,0,0,0,0,0,0,0,0,0,0,0,0,0,0
MBFBa.000470l,27150,9461,0,4545,0,5133,0,8011,0,0,0,0,0,0,0,0,0,0,0,0,0,0,0
MBFBa.000471l,375188,100896,21219,54594,9718,54646,10364,101581,22170,0,0,0,0,0,0,0,0,0,0,0,0,0,0
MBFBa.000474l,27400,9439,0,4513,0,5267,0,8180,1,0,0,0,0,0,0,0,0,0,0,0,0,0,0
MBFBa.000476l,67640,20141,0,12933,0,11201,0,23365,0,0,0,0,0,0,0,0,0,0,0,0,0,0,0
MBFBa.000477l,55093,6758,11490,3746,5617,3803,5977,6830,10872,0,0,0,0,0,0,0,0,0,0,0,0,0,0
MBFBa.000478l,54366,1062,12129,984,11626,1386,13740,1140,12299,0,0,0,0,0,0,0,0,0,0,0,0,0,0
MBFBa.000479l,123982,2454,28286,2977,31492,2127,26583,2294,27769,0,0,0,0,0,0,0,0,0,0,0,0,0,0
MBFBa.000483l,32307,3593,5829,1921,4589,1972,4201,4183,6019,0,0,0,0,0,0,0,0,0,0,0,0,0,0
MBFBa.000487l,161537,46905,38,40174,34,34638,10,39718,20,0,0,0,0,0,0,0,0,0,0,0,0,0,0
MBFBa.000493l,93775,28432,1,17115,0,15510,0,32717,0,0,0,0,0,0,0,0,0,0,0,0,0,0,0
MBFBa.000494l,57594,19950,0,9579,0,10450,0,17615,0,0,0,0,0,0,0,0,0,0,0,0,0,0,0
MBFBa.000496l,49706,17081,0,8174,0,9378,0,15073,0,0,0,0,0,0,0,0,0,0,0,0,0,0,0
MBFBa.000497l,46606,16239,10,7707,2,8697,5,13938,8,0,0,0,0,0,0,0,0,0,0,0,0,0,0
MBFBa.000498l,140558,17464,21815,14600,16864,14837,17052,17347,20579,0,0,0,0,0,0,0,0,0,0,0,0,0,0
MBFBa.000499l,32240,3530,6338,1549,4885,1506,4525,2974,6933,0,0,0,0,0,0,0,0,0,0,0,0,0,0
MBFBa.000500l,34979,10390,3,6530,2,5880,4,12168,2,0,0,0,0,0,0,0,0,0,0,0,0,0,0
MBFBa.000506l,114758,35082,1655,18476,767,19240,945,37041,1552,0,0,0,0,0,0,0,0,0,0,0,0,0,0
MBFBa.000507l,28894,727,8084,524,5526,521,5077,747,7688,0,0,0,0,0,0,0,0,0,0,0,0,0,0
MBFBa.000510l,87794,5110,22082,2723,13443,2958,14222,5648,21608,0,0,0,0,0,0,0,0,0,0,0,0,0,0
MBFBa.000512l,48759,14368,0,9307,0,8157,0,16925,2,0,0,0,0,0,0,0,0,0,0,0,0,0,0
MBFBa.000516l,59480,1052,13300,978,12856,1367,15370,1129,13428,0,0,0,0,0,0,0,0,0,0,0,0,0,0
MBFBa.000518l,63648,5281,15667,2908,8627,3081,8466,5445,14173,0,0,0,0,0,0,0,0,0,0,0,0,0,0
MBFBa.000519l,33436,3720,6925,2234,3966,2147,3391,3713,7340,0,0,0,0,0,0,0,0,0,0,0,0,0,0
MBFBa.000520l,39013,13428,0,6522,0,7446,0,11617,0,0,0,0,0,0,0,0,0,0,0,0,0,0,0
MBFBa.000522l,31832,699,9097,482,5253,486,5518,706,9591,0,0,0,0,0,0,0,0,0,0,0,0,0,0
MBFBa.000524l,136503,2520,30555,2336,29313,3290,34666,2708,31115,0,0,0,0,0,0,0,0,0,0,0,0,0,0
MBFBa.000528l,29484,4407,5138,2633,2605,2707,2554,4604,4836,0,0,0,0,0,0,0,0,0,0,0,0,0,0
MBFBa.000529l,370042,119092,3099,59488,1471,61553,1614,120711,3014,0,0,0,0,0,0,0,0,0,0,0,0,0,0
MBFBa.000530l,376882,118301,7934,60129,3698,58485,3871,116522,7942,0,0,0,0,0,0,0,0,0,0,0,0,0,0
MBFBa.000531l,47514,6209,9384,3503,4450,3665,5124,6327,8852,0,0,0,0,0,0,0,0,0,0,0,0,0,0
MBFBa.000534l,59673,2690,16026,1519,9122,1587,10144,2563,16022,0,0,0,0,0,0,0,0,0,0,0,0,0,0
MBFBa.000535l,132596,37745,4802,19651,2419,21814,2437,38998,4730,0,0,0,0,0,0,0,0,0,0,0,0,0,0
MBFBa.000537l,54775,1723,15379,960,8754,1131,9755,1695,15378,0,0,0,0,0,0,0,0,0,0,0,0,0,0
MBFBa.000539l,40606,3631,8827,1952,5932,1993,5696,4206,8369,0,0,0,0,0,0,0,0,0,0,0,0,0,0
MBFBa.000543l,38335,11375,1,7426,1,6569,0,12962,1,0,0,0,0,0,0,0,0,0,0,0,0,0,0
MBFBa.000544l,44689,13309,0,8510,0,7551,0,15319,0,0,0,0,0,0,0,0,0,0,0,0,0,0,0
MBFBa.000546l,47109,4284,9734,2055,7569,2016,7341,3715,10395,0,0,0,0,0,0,0,0,0,0,0,0,0,0
MBFBa.000547l,34603,1603,9568,853,4901,1050,5283,1571,9774,0,0,0,0,0,0,0,0,0,0,0,0,0,0
MBFBa.000550l,35597,12333,0,5960,0,6723,0,10581,0,0,0,0,0,0,0,0,0,0,0,0,0,0,0
MBFBa.000551l,94861,12523,10277,6616,10967,11374,10945,13613,18546,0,0,0,0,0,0,0,0,0,0,0,0,0,0
MBFBa.000553l,46090,13910,4,8581,0,7747,1,15847,0,0,0,0,0,0,0,0,0,0,0,0,0,0,0
MBFBa.000554l,132765,45301,0,22150,0,24848,0,40466,0,0,0,0,0,0,0,0,0,0,0,0,0,0,0
MBFBa.000555l,41520,2289,10316,1271,6169,1222,6257,2388,11608,0,0,0,0,0,0,0,0,0,0,0,0,0,0
MBFBa.000556l,44777,4438,10807,2300,5361,2469,5309,4548,9545,0,0,0,0,0,0,0,0,0,0,0,0,0,0
MBFBa.000557l,49479,2312,12622,1292,7645,1253,8093,2412,13850,0,0,0,0,0,0,0,0,0,0,0,0,0,0
MBFBa.000558l,99468,29594,14,18624,3,16600,438,34176,19,0,0,0,0,0,0,0,0,0,0,0,0,0,0
MBFBa.000559l,44098,11186,1,6113,0,10579,2,16217,0,0,0,0,0,0,0,0,0,0,0,0,0,0,0
MBFBa.000560l,69553,9720,9080,8207,7827,8364,7995,9386,8974,0,0,0,0,0,0,0,0,0,0,0,0,0,0
MBFBa.000562l,41169,12361,0,7852,0,6853,0,14103,0,0,0,0,0,0,0,0,0,0,0,0,0,0,0
MBFBa.000563l,121502,2469,27553,3004,30798,2132,26065,2298,27183,0,0,0,0,0,0,0,0,0,0,0,0,0,0
MBFBa.000564l,37708,5653,6662,3223,3212,3314,3695,5713,6236,0,0,0,0,0,0,0,0,0,0,0,0,0,0
MBFBa.000565l,148289,2831,33185,2624,31754,3689,37476,3043,33687,0,0,0,0,0,0,0,0,0,0,0,0,0,0
MBFBa.000566l,509736,133794,35977,69087,16011,69890,16182,133483,35312,0,0,0,0,0,0,0,0,0,0,0,0,0,0
MBFBa.000568l,88103,28000,276,16193,221,15804,153,27107,349,0,0,0,0,0,0,0,0,0,0,0,0,0,0
MBFBa.000570l,39577,934,11294,626,7379,624,6953,931,10836,0,0,0,0,0,0,0,0,0,0,0,0,0,0
MBFBa.000571l,126505,20576,13626,17671,11452,17676,11469,20530,13505,0,0,0,0,0,0,0,0,0,0,0,0,0,0
MBFBa.000572l,51545,2376,13388,1341,7841,1297,7970,2475,14857,0,0,0,0,0,0,0,0,0,0,0,0,0,0
MBFBa.000573l,53122,4295,11693,2082,8638,2021,8438,3756,12199,0,0,0,0,0,0,0,0,0,0,0,0,0,0
MBFBa.000574l,39511,1653,10963,913,5800,1080,6173,1648,11281,0,0,0,0,0,0,0,0,0,0,0,0,0,0
MBFBa.000576l,51773,4873,12524,2616,6327,2837,6321,5129,11146,0,0,0,0,0,0,0,0,0,0,0,0,0,0
MBFBa.000577l,180270,13976,44603,7478,24773,7780,25545,14449,41666,0,0,0,0,0,0,0,0,0,0,0,0,0,0
MBFBa.000578l,26005,3485,4900,1491,3250,1435,3430,2887,5127,0,0,0,0,0,0,0,0,0,0,0,0,0,0
MBFBa.000579l,67645,20604,0,12187,0,11268,0,23586,0,0,0,0,0,0,0,0,0,0,0,0,0,0,0
MBFBa.000580l,130027,2628,29480,3199,32998,2273,27887,2447,29115,0,0,0,0,0,0,0,0,0,0,0,0,0,0
MBFBa.000584l,66526,19961,28,12512,27,10893,17,23038,50,0,0,0,0,0,0,0,0,0,0,0,0,0,0
MBFBa.000585l,115163,2440,26126,2978,28937,2110,24541,2273,25758,0,0,0,0,0,0,0,0,0,0,0,0,0,0
MBFBa.000586l,161262,3038,36087,2810,34577,3951,40834,3262,36703,0,0,0,0,0,0,0,0,0,0,0,0,0,0
MBFBa.000587l,38685,2352,10468,1200,6017,1234,5886,2233,9295,0,0,0,0,0,0,0,0,0,0,0,0,0,0
MBFBa.000588l,84791,1588,18930,1473,18182,2069,21526,1702,19321,0,0,0,0,0,0,0,0,0,0,0,0,0,0
MBFBa.000589l,37080,1955,10197,1156,5446,1130,4879,2150,10167,0,0,0,0,0,0,0,0,0,0,0,0,0,0
MBFBa.000590l,34059,571,8678,562,7191,507,7034,584,8932,0,0,0,0,0,0,0,0,0,0,0,0,0,0
MBFBa.000591l,33129,11402,13,5561,24,6293,13,9791,32,0,0,0,0,0,0,0,0,0,0,0,0,0,0
MBFBa.000592l,47291,3626,10497,1943,7454,1975,7656,4187,9953,0,0,0,0,0,0,0,0,0,0,0,0,0,0
MBFBa.000593l,38587,708,8617,656,8272,924,9793,760,8857,0,0,0,0,0,0,0,0,0,0,0,0,0,0
MBFBa.000595l,175247,3117,39279,2889,37794,4071,44751,3350,39996,0,0,0,0,0,0,0,0,0,0,0,0,0,0
MBFBa.000596l,34082,11829,0,5755,1,6390,1,10106,0,0,0,0,0,0,0,0,0,0,0,0,0,0,0
MBFBa.000597l,140399,48509,4,23395,0,26375,2,42110,4,0,0,0,0,0,0,0,0,0,0,0,0,0,0
MBFBa.000598l,45048,14949,1,7485,0,9129,0,13483,1,0,0,0,0,0,0,0,0,0,0,0,0,0,0
MBFBa.000600l,38062,3594,8218,1922,5353,1972,5077,4183,7743,0,0,0,0,0,0,0,0,0,0,0,0,0,0
MBFBa.000601l,100547,33850,529,16275,211,19089,410,29674,509,0,0,0,0,0,0,0,0,0,0,0,0,0,0
MBFBa.000602l,62574,21393,3,10634,0,11813,1,18728,2,0,0,0,0,0,0,0,0,0,0,0,0,0,0
MBFBa.000603l,61053,4386,13977,2478,9530,2525,9729,4954,13474,0,0,0,0,0,0,0,0,0,0,0,0,0,0
MBFBa.000605l,48410,1628,10688,1612,10251,1137,11019,1218,10857,0,0,0,0,0,0,0,0,0,0,0,0,0,0
MBFBa.000606l,132144,2477,29541,2297,28335,3234,33524,2660,30076,0,0,0,0,0,0,0,0,0,0,0,0,0,0
MBFBa.000607l,36551,10750,0,6920,0,6215,0,12666,0,0,0,0,0,0,0,0,0,0,0,0,0,0,0
MBFBa.000608l,61806,1125,13991,1363,15931,970,13446,1047,13933,0,0,0,0,0,0,0,0,0,0,0,0,0,0
MBFBa.000610l,49435,3895,11580,2035,6557,1898,6571,3948,12951,0,0,0,0,0,0,0,0,0,0,0,0,0,0
MBFBa.000611l,64539,7747,13039,4398,7105,4176,6585,7690,13799,0,0,0,0,0,0,0,0,0,0,0,0,0,0
MBFBa.000613l,41691,4680,9265,2488,4748,2668,4568,4864,8410,0,0,0,0,0,0,0,0,0,0,0,0,0,0
MBFBa.000614l,104181,1947,23344,1806,22349,2545,26432,2093,23665,0,0,0,0,0,0,0,0,0,0,0,0,0,0
MBFBa.000615l,139772,41339,5,26499,2,23313,0,48610,4,0,0,0,0,0,0,0,0,0,0,0,0,0,0
MBFBa.000616l,95092,1930,21675,2327,24083,1661,20365,1797,21254,0,0,0,0,0,0,0,0,0,0,0,0,0,0
MBFBa.000617l,40612,14113,0,6758,0,7754,0,11987,0,0,0,0,0,0,0,0,0,0,0,0,0,0,0
MBFBa.000618l,28501,8437,1,5402,0,4879,0,9780,2,0,0,0,0,0,0,0,0,0,0,0,0,0,0
MBFBa.000619l,61720,5495,14346,3410,8099,3260,7429,5518,14163,0,0,0,0,0,0,0,0,0,0,0,0,0,0
MBFBa.000620l,302930,50927,33644,40081,27067,38814,26915,53163,32319,0,0,0,0,0,0,0,0,0,0,0,0,0,0
MBFBa.000621l,46553,16151,4,7690,2,8793,3,13903,7,0,0,0,0,0,0,0,0,0,0,0,0,0,0
MBFBa.000622l,83134,28554,0,14048,0,15934,0,24598,0,0,0,0,0,0,0,0,0,0,0,0,0,0,0
MBFBa.000623l,201260,3891,45003,3716,43927,4916,50292,4122,45393,0,0,0,0,0,0,0,0,0,0,0,0,0,0
MBFBa.000624l,41822,3654,9339,1966,5995,2005,5741,4231,8891,0,0,0,0,0,0,0,0,0,0,0,0,0,0
MBFBa.000625l,27418,9537,0,4555,0,5193,0,8133,0,0,0,0,0,0,0,0,0,0,0,0,0,0,0
MBFBa.000626l,60467,3064,15937,1786,9048,1789,10089,2825,15929,0,0,0,0,0,0,0,0,0,0,0,0,0,0
MBFBa.000627l,187974,37571,24343,19118,12466,20259,12295,38808,23114,0,0,0,0,0,0,0,0,0,0,0,0,0,0
MBFBa.000630l,129377,4156,28080,4395,31148,3803,26382,3775,27638,0,0,0,0,0,0,0,0,0,0,0,0,0,0
MBFBa.000631l,40357,13923,1,6837,0,7623,0,11973,0,0,0,0,0,0,0,0,0,0,0,0,0,0,0
MBFBa.000632l,68932,23784,1,11574,0,13003,0,20570,0,0,0,0,0,0,0,0,0,0,0,0,0,0,0
MBFBa.000633l,45253,4233,9435,2034,7153,1985,6825,3672,9916,0,0,0,0,0,0,0,0,0,0,0,0,0,0
MBFBa.000634l,82272,28405,0,13502,0,15564,0,24801,0,0,0,0,0,0,0,0,0,0,0,0,0,0,0
MBFBa.000635l,59294,1331,13431,1617,14746,1148,12556,1239,13226,0,0,0,0,0,0,0,0,0,0,0,0,0,0
MBFBa.000636l,28301,1613,7250,810,3865,767,4121,1706,8169,0,0,0,0,0,0,0,0,0,0,0,0,0,0
MBFBa.000637l,77700,26749,0,13128,0,14694,0,23129,0,0,0,0,0,0,0,0,0,0,0,0,0,0,0
MBFBa.000638l,43678,6038,7866,3420,4181,3282,4435,5896,8560,0,0,0,0,0,0,0,0,0,0,0,0,0,0
MBFBa.000639l,52910,970,11951,1174,13649,832,11520,904,11910,0,0,0,0,0,0,0,0,0,0,0,0,0,0
MBFBa.000640l,46978,6757,8812,3745,4375,3797,4275,6821,8396,0,0,0,0,0,0,0,0,0,0,0,0,0,0
MBFBa.000641l,37193,2993,9506,1608,4390,1592,5040,2741,9323,0,0,0,0,0,0,0,0,0,0,0,0,0,0
MBFBa.000642l,38762,3633,8223,1593,6222,1574,5797,3046,8674,0,0,0,0,0,0,0,0,0,0,0,0,0,0
MBFBa.000645l,93021,1771,20817,1639,19941,2310,23579,1896,21068,0,0,0,0,0,0,0,0,0,0,0,0,0,0
MBFBa.000646l,37667,11184,0,7199,0,6252,1,13030,1,0,0,0,0,0,0,0,0,0,0,0,0,0,0
MBFBa.000648l,35259,10470,1,6549,0,5836,0,12403,0,0,0,0,0,0,0,0,0,0,0,0,0,0,0
MBFBa.000650l,36345,10741,0,6908,0,6071,0,12625,0,0,0,0,0,0,0,0,0,0,0,0,0,0,0
MBFBa.000651l,26970,9149,0,4561,0,5148,0,8112,0,0,0,0,0,0,0,0,0,0,0,0,0,0,0
MBFBa.000652l,61112,2683,16553,1507,9375,1581,10380,2554,16479,0,0,0,0,0,0,0,0,0,0,0,0,0,0
MBFBa.000653l,66443,4152,16669,2250,10609,2084,9501,3867,17311,0,0,0,0,0,0,0,0,0,0,0,0,0,0
MBFBa.000654l,73928,25410,0,12416,0,13933,0,22169,0,0,0,0,0,0,0,0,0,0,0,0,0,0,0
MBFBa.000656l,39368,1847,11084,1085,5982,1012,5393,1971,10994,0,0,0,0,0,0,0,0,0,0,0,0,0,0
MBFBa.000657l,119492,38047,1512,20151,931,20209,762,36261,1619,0,0,0,0,0,0,0,0,0,0,0,0,0,0
MBFBa.000658l,48101,16595,0,7989,0,9227,0,14290,0,0,0,0,0,0,0,0,0,0,0,0,0,0,0
MBFBa.000659l,187233,3647,41864,3214,40220,4484,47606,3868,42330,0,0,0,0,0,0,0,0,0,0,0,0,0,0
MBFBa.000660l,48214,6754,9262,3743,4708,3797,4500,6828,8622,0,0,0,0,0,0,0,0,0,0,0,0,0,0
MBFBa.000661l,44924,1616,12973,874,6580,1060,7136,1591,13094,0,0,0,0,0,0,0,0,0,0,0,0,0,0
MBFBa.000663l,60931,20924,1,10313,0,11722,0,17971,0,0,0,0,0,0,0,0,0,0,0,0,0,0,0
MBFBa.000664l,44292,438,11627,386,9467,440,9745,378,11811,0,0,0,0,0,0,0,0,0,0,0,0,0,0
MBFBa.000666l,218535,4448,49726,5408,55271,3850,46753,4156,48923,0,0,0,0,0,0,0,0,0,0,0,0,0,0
MBFBa.000667l,194973,3715,43598,3444,41795,4848,49419,3987,44167,0,0,0,0,0,0,0,0,0,0,0,0,0,0
MBFBa.000668l,94392,8002,22477,4209,13104,4402,13119,8637,20442,0,0,0,0,0,0,0,0,0,0,0,0,0,0
MBFBa.000669l,169515,3184,37920,2953,36428,4158,43058,3422,38392,0,0,0,0,0,0,0,0,0,0,0,0,0,0
MBFBa.000670l,89821,30926,9,14817,2,17104,5,26950,8,0,0,0,0,0,0,0,0,0,0,0,0,0,0
MBFBa.000671l,29717,1610,6858,1422,5204,1336,5159,1719,6409,0,0,0,0,0,0,0,0,0,0,0,0,0,0
MBFBa.000672l,130993,2477,29318,2295,28086,3235,33185,2660,29737,0,0,0,0,0,0,0,0,0,0,0,0,0,0
MBFBa.000673l,114881,34586,4,21829,3,18972,0,39485,2,0,0,0,0,0,0,0,0,0,0,0,0,0,0
MBFBa.000674l,347029,40705,53666,33976,44667,34720,45236,40209,53850,0,0,0,0,0,0,0,0,0,0,0,0,0,0
MBFBa.000675l,83562,4751,21092,2470,12955,2718,13586,5273,20717,0,0,0,0,0,0,0,0,0,0,0,0,0,0
MBFBa.000676l,37219,11075,0,7131,0,6197,0,12816,0,0,0,0,0,0,0,0,0,0,0,0,0,0,0
MBFBa.000677l,59863,3709,15306,2108,8447,2097,9403,3444,15349,0,0,0,0,0,0,0,0,0,0,0,0,0,0
MBFBa.000678l,75274,25872,0,12804,0,14346,0,22252,0,0,0,0,0,0,0,0,0,0,0,0,0,0,0
MBFBa.000680l,52769,17968,0,8858,0,10072,1,15870,0,0,0,0,0,0,0,0,0,0,0,0,0,0,0
MBFBa.000681l,26516,4360,4011,2595,2371,2580,2056,4330,4213,0,0,0,0,0,0,0,0,0,0,0,0,0,0
MBFBa.000682l,29833,10204,3,5017,0,5698,0,8910,1,0,0,0,0,0,0,0,0,0,0,0,0,0,0
MBFBa.000683l,36830,5257,6859,3090,3323,3079,3341,5381,6500,0,0,0,0,0,0,0,0,0,0,0,0,0,0
MBFBa.000686l,64520,1239,14420,1147,13802,1618,16358,1330,14606,0,0,0,0,0,0,0,0,0,0,0,0,0,0
MBFBa.000687l,129432,44689,4,21786,4,24566,2,38372,9,0,0,0,0,0,0,0,0,0,0,0,0,0,0
MBFBa.000688l,38269,11350,0,7289,0,6382,0,13248,0,0,0,0,0,0,0,0,0,0,0,0,0,0,0
MBFBa.000689l,41546,3871,9698,2333,5201,2257,4557,3839,9790,0,0,0,0,0,0,0,0,0,0,0,0,0,0
MBFBa.000690l,43109,1797,12408,1021,6714,895,6160,1809,12305,0,0,0,0,0,0,0,0,0,0,0,0,0,0
MBFBa.000692l,57914,1032,13020,951,12549,1337,14856,1101,13068,0,0,0,0,0,0,0,0,0,0,0,0,0,0
MBFBa.000694l,35101,1345,9589,809,5817,818,6371,1335,9017,0,0,0,0,0,0,0,0,0,0,0,0,0,0
MBFBa.000695l,31877,3014,6967,1508,4130,1524,4773,3550,6411,0,0,0,0,0,0,0,0,0,0,0,0,0,0
MBFBa.000696l,48582,14400,7,9118,3,8322,1,16724,7,0,0,0,0,0,0,0,0,0,0,0,0,0,0
MBFBa.000697l,37022,1243,11042,694,5956,537,5374,1220,10956,0,0,0,0,0,0,0,0,0,0,0,0,0,0
MBFBa.000698l,50848,15163,0,9505,0,8553,0,17626,1,0,0,0,0,0,0,0,0,0,0,0,0,0,0
MBFBa.000699l,85597,27733,2,12487,0,18669,0,26705,1,0,0,0,0,0,0,0,0,0,0,0,0,0,0
MBFBa.000700l,128587,44403,0,21574,0,24419,0,38191,0,0,0,0,0,0,0,0,0,0,0,0,0,0,0
MBFBa.000701l,22091,354,4991,328,4857,462,5803,380,4916,0,0,0,0,0,0,0,0,0,0,0,0,0,0
MBFBa.000702l,156502,54513,0,25855,0,29358,0,46775,1,0,0,0,0,0,0,0,0,0,0,0,0,0,0
MBFBa.000703l,34372,11773,3,5786,0,6581,0,10229,0,0,0,0,0,0,0,0,0,0,0,0,0,0,0
MBFBa.000704l,42278,4001,8719,1882,6523,1817,6501,3473,9362,0,0,0,0,0,0,0,0,0,0,0,0,0,0
MBFBa.000705l,38790,5390,7366,3069,3407,3241,3970,5407,6940,0,0,0,0,0,0,0,0,0,0,0,0,0,0
MBFBa.000707l,34377,568,7826,685,8998,490,7525,529,7756,0,0,0,0,0,0,0,0,0,0,0,0,0,0
MBFBa.000708l,47016,4275,11078,2618,5973,2513,5394,4178,10987,0,0,0,0,0,0,0,0,0,0,0,0,0,0
MBFBa.000709l,37263,2055,8932,1143,5813,1116,5975,2141,10088,0,0,0,0,0,0,0,0,0,0,0,0,0,0
MBFBa.000710l,91402,12029,9896,6363,10581,10946,10581,13100,17906,0,0,0,0,0,0,0,0,0,0,0,0,0,0
MBFBa.000712l,47448,16331,1,7887,0,9024,1,14204,0,0,0,0,0,0,0,0,0,0,0,0,0,0,0
MBFBa.000713l,49432,14875,7,9296,6,8324,2,16911,11,0,0,0,0,0,0,0,0,0,0,0,0,0,0
MBFBa.000714l,25014,1892,5265,1021,4312,1048,3904,2117,5455,0,0,0,0,0,0,0,0,0,0,0,0,0,0
MBFBa.000715l,99745,1798,22347,1660,21516,2335,25499,1931,22659,0,0,0,0,0,0,0,0,0,0,0,0,0,0
MBFBa.000716l,33839,9998,0,6416,0,5739,0,11686,0,0,0,0,0,0,0,0,0,0,0,0,0,0,0
MBFBa.000717l,38853,2209,10611,1189,5181,1200,5740,2015,10708,0,0,0,0,0,0,0,0,0,0,0,0,0,0
MBFBa.000718l,35215,931,9324,624,6285,626,6609,934,9882,0,0,0,0,0,0,0,0,0,0,0,0,0,0
MBFBa.000719l,60537,17983,1,11626,1,10077,0,20849,0,0,0,0,0,0,0,0,0,0,0,0,0,0,0
MBFBa.000720l,36512,1128,10531,719,6393,675,5909,1055,10102,0,0,0,0,0,0,0,0,0,0,0,0,0,0
MBFBa.000721l,74914,22791,0,14073,1,12233,4,25811,1,0,0,0,0,0,0,0,0,0,0,0,0,0,0
MBFBa.000722l,58984,17579,0,11315,0,9919,0,20171,0,0,0,0,0,0,0,0,0,0,0,0,0,0,0
MBFBa.000723l,44699,2185,11849,1175,7657,1255,7275,2311,10992,0,0,0,0,0,0,0,0,0,0,0,0,0,0
MBFBa.000724l,34531,2327,9362,1186,5046,1223,5062,2201,8124,0,0,0,0,0,0,0,0,0,0,0,0,0,0
MBFBa.000725l,53591,18225,25,8982,19,10249,19,16069,3,0,0,0,0,0,0,0,0,0,0,0,0,0,0
MBFBa.000726l,29028,9977,0,4928,0,5537,0,8586,0,0,0,0,0,0,0,0,0,0,0,0,0,0,0
MBFBa.000727l,30427,9090,4,5795,1,5029,0,10505,3,0,0,0,0,0,0,0,0,0,0,0,0,0,0
MBFBa.000728l,106471,2280,24189,2772,26737,1968,22645,2124,23756,0,0,0,0,0,0,0,0,0,0,0,0,0,0
MBFBa.000729l,38737,13331,0,6377,0,7378,0,11651,0,0,0,0,0,0,0,0,0,0,0,0,0,0,0
MBFBa.000730l,33248,1361,9776,591,4542,731,5190,1371,9686,0,0,0,0,0,0,0,0,0,0,0,0,0,0
MBFBa.000732l,54953,19310,4,9129,0,9858,1,16648,3,0,0,0,0,0,0,0,0,0,0,0,0,0,0
MBFBa.000733l,49542,17157,0,8398,0,9415,0,14572,0,0,0,0,0,0,0,0,0,0,0,0,0,0,0
MBFBa.000734l,45541,15578,0,7684,0,8664,0,13615,0,0,0,0,0,0,0,0,0,0,0,0,0,0,0
MBFBa.000735l,63827,19032,2,12262,2,10611,1,21915,2,0,0,0,0,0,0,0,0,0,0,0,0,0,0
MBFBa.000736l,35900,4142,7856,2136,4037,2302,3872,4263,7292,0,0,0,0,0,0,0,0,0,0,0,0,0,0
MBFBa.000737l,51260,15378,1,9758,1,8631,1,17487,3,0,0,0,0,0,0,0,0,0,0,0,0,0,0
MBFBa.000738l,45561,13609,0,8641,0,7627,0,15684,0,0,0,0,0,0,0,0,0,0,0,0,0,0,0
MBFBa.000739l,38066,760,8609,924,9692,656,8178,708,8539,0,0,0,0,0,0,0,0,0,0,0,0,0,0
MBFBa.000740l,30822,2988,7438,1605,3444,1590,4012,2729,7016,0,0,0,0,0,0,0,0,0,0,0,0,0,0
MBFBa.000741l,55018,16002,2425,7605,1338,7602,1185,16521,2340,0,0,0,0,0,0,0,0,0,0,0,0,0,0
MBFBa.000742l,78833,27604,0,12904,0,15088,0,23237,0,0,0,0,0,0,0,0,0,0,0,0,0,0,0
MBFBa.000743l,108570,37315,0,17777,1,20641,0,32836,0,0,0,0,0,0,0,0,0,0,0,0,0,0,0
MBFBa.000744l,136718,17985,14807,9504,15833,16381,15848,19577,26783,0,0,0,0,0,0,0,0,0,0,0,0,0,0
MBFBa.000745l,54451,6971,10422,3868,5523,3825,5668,6940,11234,0,0,0,0,0,0,0,0,0,0,0,0,0,0
MBFBa.000746l,21972,7596,2,3757,0,4163,0,6453,1,0,0,0,0,0,0,0,0,0,0,0,0,0,0
MBFBa.000747l,21835,354,4921,328,4784,462,5688,380,4918,0,0,0,0,0,0,0,0,0,0,0,0,0,0
MBFBa.000748l,58423,3032,16144,1581,9292,1607,8952,3045,14770,0,0,0,0,0,0,0,0,0,0,0,0,0,0
MBFBa.000749l,120300,35673,0,22842,0,20047,0,41738,0,0,0,0,0,0,0,0,0,0,0,0,0,0,0
MBFBa.000750l,70000,7733,15622,4182,7681,4404,8015,7795,14568,0,0,0,0,0,0,0,0,0,0,0,0,0,0
MBFBa.000751l,34352,5916,6,7683,3,9407,2,11327,8,0,0,0,0,0,0,0,0,0,0,0,0,0,0
MBFBa.000752l,76865,1575,17473,1907,19353,1355,16439,1467,17296,0,0,0,0,0,0,0,0,0,0,0,0,0,0
MBFBa.000753l,26455,531,5916,492,5589,692,6604,570,6061,0,0,0,0,0,0,0,0,0,0,0,0,0,0
MBFBa.000755l,76337,22949,1,14586,1,12682,0,26118,0,0,0,0,0,0,0,0,0,0,0,0,0,0,0
MBFBa.000756l,43755,919,9757,1130,11154,799,9409,857,9730,0,0,0,0,0,0,0,0,0,0,0,0,0,0
MBFBa.000758l,28879,1443,6474,1066,5224,1192,5260,1303,6917,0,0,0,0,0,0,0,0,0,0,0,0,0,0
MBFBa.000760l,85442,29521,0,14536,0,16184,0,25201,0,0,0,0,0,0,0,0,0,0,0,0,0,0,0
MBFBa.000761l,38773,5398,6858,3092,4059,3098,3647,5269,7352,0,0,0,0,0,0,0,0,0,0,0,0,0,0
MBFBa.000762l,17938,5350,0,3404,0,3035,0,6149,0,0,0,0,0,0,0,0,0,0,0,0,0,0,0
MBFBa.000763l,42930,14845,0,7110,0,8168,0,12807,0,0,0,0,0,0,0,0,0,0,0,0,0,0,0
MBFBa.000764l,103967,35590,1,17244,0,19239,1,31892,0,0,0,0,0,0,0,0,0,0,0,0,0,0,0
MBFBa.000765l,45589,13626,0,8720,0,7529,0,15714,0,0,0,0,0,0,0,0,0,0,0,0,0,0,0
MBFBa.000766l,76096,1679,17165,2054,19102,1455,16181,1565,16895,0,0,0,0,0,0,0,0,0,0,0,0,0,0
MBFBa.000767l,56993,4044,13098,2265,8965,2284,9176,4614,12547,0,0,0,0,0,0,0,0,0,0,0,0,0,0
MBFBa.000769l,32476,9677,0,6241,0,5483,0,11075,0,0,0,0,0,0,0,0,0,0,0,0,0,0,0
MBFBa.000770l,39004,3102,8833,1560,6057,1628,5984,3626,8214,0,0,0,0,0,0,0,0,0,0,0,0,0,0
MBFBa.000771l,38263,11862,1,7062,0,6166,0,13172,0,0,0,0,0,0,0,0,0,0,0,0,0,0,0
MBFBa.000772l,56637,1720,15916,1152,10098,992,9081,1762,15916,0,0,0,0,0,0,0,0,0,0,0,0,0,0
MBFBa.000773l,78170,23130,0,14810,0,13240,1,26989,0,0,0,0,0,0,0,0,0,0,0,0,0,0,0
MBFBa.000774l,23198,570,5338,694,5632,492,4818,530,5124,0,0,0,0,0,0,0,0,0,0,0,0,0,0
MBFBa.000775l,47684,885,10718,818,10224,1158,12096,949,10836,0,0,0,0,0,0,0,0,0,0,0,0,0,0
MBFBa.000776l,27898,1592,6402,897,5023,933,4531,1888,6632,0,0,0,0,0,0,0,0,0,0,0,0,0,0
MBFBa.000777l,44453,320,11599,339,10042,318,9637,339,11859,0,0,0,0,0,0,0,0,0,0,0,0,0,0
MBFBa.000778l,116738,40396,0,20010,0,22178,0,34154,0,0,0,0,0,0,0,0,0,0,0,0,0,0,0
MBFBa.000779l,55028,6920,10726,3873,5922,3797,5561,6863,11366,0,0,0,0,0,0,0,0,0,0,0,0,0,0
MBFBa.000780l,35383,6262,5046,3617,2950,3453,2547,6146,5362,0,0,0,0,0,0,0,0,0,0,0,0,0,0
MBFBa.000781l,52167,3760,11872,2035,8293,2118,8483,4274,11332,0,0,0,0,0,0,0,0,0,0,0,0,0,0
MBFBa.000782l,54701,6825,10656,3797,5710,3744,5770,6756,11443,0,0,0,0,0,0,0,0,0,0,0,0,0,0
MBFBa.000783l,33999,11700,0,5693,0,6409,0,10197,0,0,0,0,0,0,0,0,0,0,0,0,0,0,0
MBFBa.000784l,27566,9528,1,4580,0,5232,2,8223,0,0,0,0,0,0,0,0,0,0,0,0,0,0,0
MBFBa.000785l,37227,11130,350,5999,105,7188,105,12019,331,0,0,0,0,0,0,0,0,0,0,0,0,0,0
MBFBa.000787l,92766,32072,0,15419,0,17680,0,27595,0,0,0,0,0,0,0,0,0,0,0,0,0,0,0
MBFBa.000788l,87423,1675,19544,1551,18751,2186,22170,1795,19751,0,0,0,0,0,0,0,0,0,0,0,0,0,0
MBFBa.000789l,33741,3752,6695,1649,5020,1645,4353,3215,7412,0,0,0,0,0,0,0,0,0,0,0,0,0,0
MBFBa.000790l,31781,3530,6301,1549,4572,1506,4582,2974,6767,0,0,0,0,0,0,0,0,0,0,0,0,0,0
MBFBa.000791l,16809,5229,1,3497,0,2885,1,5196,0,0,0,0,0,0,0,0,0,0,0,0,0,0,0
MBFBa.000792l,38460,5983,6280,3472,3693,3307,3163,5901,6661,0,0,0,0,0,0,0,0,0,0,0,0,0,0
MBFBa.000794l,66318,20164,1,11924,1,11109,0,23119,0,0,0,0,0,0,0,0,0,0,0,0,0,0,0
MBFBa.000795l,30296,1590,7685,789,4538,736,4477,1680,8801,0,0,0,0,0,0,0,0,0,0,0,0,0,0
MBFBa.000796l,83704,5839,19473,2847,13011,2759,12942,5392,21441,0,0,0,0,0,0,0,0,0,0,0,0,0,0
MBFBa.000797l,46993,13973,0,8901,0,7951,1,16167,0,0,0,0,0,0,0,0,0,0,0,0,0,0,0
MBFBa.000798l,25581,775,6574,558,5094,565,4704,810,6501,0,0,0,0,0,0,0,0,0,0,0,0,0,0
MBFBa.000799l,57588,17414,25,10743,28,9576,16,19767,19,0,0,0,0,0,0,0,0,0,0,0,0,0,0
MBFBa.000801l,37541,3077,8455,1549,5745,1617,5536,3602,7960,0,0,0,0,0,0,0,0,0,0,0,0,0,0
MBFBa.000802l,79081,23739,0,15068,0,13189,0,27085,0,0,0,0,0,0,0,0,0,0,0,0,0,0,0
MBFBa.000803l,40551,13771,0,6822,2,7671,0,12285,0,0,0,0,0,0,0,0,0,0,0,0,0,0,0
MBFBa.000804l,54709,3871,13886,2362,7565,2317,7037,4017,13654,0,0,0,0,0,0,0,0,0,0,0,0,0,0
MBFBa.000805l,37658,16136,1,16142,7,0,0,5372,0,0,0,0,0,0,0,0,0,0,0,0,0,0,0
MBFBa.000806l,35586,2687,8013,1477,5665,1498,5368,3109,7769,0,0,0,0,0,0,0,0,0,0,0,0,0,0
MBFBa.000807l,74998,25865,0,12540,0,14347,0,22244,2,0,0,0,0,0,0,0,0,0,0,0,0,0,0
MBFBa.000808l,92539,1885,20938,2305,23462,1637,19897,1767,20648,0,0,0,0,0,0,0,0,0,0,0,0,0,0
MBFBa.000809l,35265,12118,0,5975,1,6732,0,10439,0,0,0,0,0,0,0,0,0,0,0,0,0,0,0
MBFBa.000810l,47532,16205,0,7936,0,8953,1,14437,0,0,0,0,0,0,0,0,0,0,0,0,0,0,0
MBFBa.000811l,65111,22483,0,10748,0,12337,0,19543,0,0,0,0,0,0,0,0,0,0,0,0,0,0,0
MBFBa.000813l,26956,5169,3582,3014,1629,3008,1866,5294,3394,0,0,0,0,0,0,0,0,0,0,0,0,0,0
MBFBa.000814l,81042,7938,17654,4475,9971,4264,9387,7914,19439,0,0,0,0,0,0,0,0,0,0,0,0,0,0
MBFBa.000815l,32023,976,9479,439,4702,607,5245,968,9607,0,0,0,0,0,0,0,0,0,0,0,0,0,0
MBFBa.000816l,97825,1943,21855,1801,20809,2535,24528,2089,22265,0,0,0,0,0,0,0,0,0,0,0,0,0,0
MBFBa.000819l,29604,809,7757,565,5388,559,5686,775,8065,0,0,0,0,0,0,0,0,0,0,0,0,0,0
MBFBa.000820l,43496,1782,11672,996,7553,983,6910,1676,11924,0,0,0,0,0,0,0,0,0,0,0,0,0,0
MBFBa.000821l,48682,2334,12199,1311,7757,1262,8182,2410,13227,0,0,0,0,0,0,0,0,0,0,0,0,0,0
MBFBa.000822l,81353,24630,2,15914,3,13379,1,27420,4,0,0,0,0,0,0,0,0,0,0,0,0,0,0
MBFBa.000823l,36666,776,10513,563,6832,564,6369,809,10240,0,0,0,0,0,0,0,0,0,0,0,0,0,0
MBFBa.000824l,35556,5355,5933,3058,3521,3054,3056,5222,6357,0,0,0,0,0,0,0,0,0,0,0,0,0,0
MBFBa.000825l,37424,2003,9593,1065,5387,1037,5461,2081,10797,0,0,0,0,0,0,0,0,0,0,0,0,0,0
MBFBa.000826l,66171,22815,3,11111,4,12517,3,19707,11,0,0,0,0,0,0,0,0,0,0,0,0,0,0
MBFBa.000828l,77387,26816,8,12716,6,14855,4,22970,12,0,0,0,0,0,0,0,0,0,0,0,0,0,0
MBFBa.000829l,56613,16801,1,10674,1,9408,0,19726,2,0,0,0,0,0,0,0,0,0,0,0,0,0,0
MBFBa.000830l,26198,7762,0,4979,0,4396,0,9061,0,0,0,0,0,0,0,0,0,0,0,0,0,0,0
MBFBa.000832l,53085,887,11935,818,11570,1155,13727,950,12043,0,0,0,0,0,0,0,0,0,0,0,0,0,0
MBFBa.000833l,26959,7941,0,5056,0,4614,0,9348,0,0,0,0,0,0,0,0,0,0,0,0,0,0,0
MBFBa.000834l,54393,1764,15085,992,8760,1152,9769,1724,15147,0,0,0,0,0,0,0,0,0,0,0,0,0,0
MBFBa.000836l,31801,5270,5118,3098,2519,3091,2473,5397,4835,0,0,0,0,0,0,0,0,0,0,0,0,0,0
MBFBa.000837l,32946,5271,5412,3098,2663,3092,2919,5398,5093,0,0,0,0,0,0,0,0,0,0,0,0,0,0
MBFBa.000838l,57740,20130,1,9561,0,10982,0,17065,1,0,0,0,0,0,0,0,0,0,0,0,0,0,0
MBFBa.000839l,18095,354,4039,328,3856,462,4550,380,4126,0,0,0,0,0,0,0,0,0,0,0,0,0,0
MBFBa.000840l,37700,4839,7570,2608,3901,2873,3746,5129,7034,0,0,0,0,0,0,0,0,0,0,0,0,0,0
MBFBa.000841l,55425,18904,0,9097,2,10744,0,16678,0,0,0,0,0,0,0,0,0,0,0,0,0,0,0
MBFBa.000842l,38174,13188,2,6397,0,7219,1,11365,2,0,0,0,0,0,0,0,0,0,0,0,0,0,0
MBFBa.000843l,61084,20995,0,10355,0,11477,0,18257,0,0,0,0,0,0,0,0,0,0,0,0,0,0,0
MBFBa.000844l,47731,17599,1,11052,1,6841,0,12234,3,0,0,0,0,0,0,0,0,0,0,0,0,0,0
MBFBa.000845l,34162,2329,9334,1186,4879,1224,4954,2201,8055,0,0,0,0,0,0,0,0,0,0,0,0,0,0
MBFBa.000846l,45686,13336,0,8704,0,7639,0,16007,0,0,0,0,0,0,0,0,0,0,0,0,0,0,0
MBFBa.000847l,47565,16553,24,7658,15,8843,19,14422,31,0,0,0,0,0,0,0,0,0,0,0,0,0,0
MBFBa.000848l,37842,1800,11213,853,5772,874,5627,1727,9976,0,0,0,0,0,0,0,0,0,0,0,0,0,0
MBFBa.000849l,20885,681,5677,469,3338,476,3293,672,6279,0,0,0,0,0,0,0,0,0,0,0,0,0,0
MBFBa.000850l,29247,10063,7,5012,2,5395,6,8755,7,0,0,0,0,0,0,0,0,0,0,0,0,0,0
MBFBa.000851l,31800,5269,5071,3098,2527,3092,2480,5397,4866,0,0,0,0,0,0,0,0,0,0,0,0,0,0
MBFBa.000852l,52791,6826,10164,3797,5540,3744,5222,6757,10741,0,0,0,0,0,0,0,0,0,0,0,0,0,0
MBFBa.000853l,28252,775,7476,558,5527,565,5130,810,7411,0,0,0,0,0,0,0,0,0,0,0,0,0,0
MBFBa.000854l,43067,4819,9593,2575,4889,2767,4744,5021,8659,0,0,0,0,0,0,0,0,0,0,0,0,0,0
MBFBa.000855l,35916,12294,0,6001,0,6867,0,10754,0,0,0,0,0,0,0,0,0,0,0,0,0,0,0
MBFBa.000856l,62111,21499,0,10368,0,11901,0,18343,0,0,0,0,0,0,0,0,0,0,0,0,0,0,0
MBFBa.000857l,45777,2398,12123,1259,7809,1305,7366,2320,11197,0,0,0,0,0,0,0,0,0,0,0,0,0,0
MBFBa.000858l,90685,6618,18352,5324,15294,5179,15398,6342,18178,0,0,0,0,0,0,0,0,0,0,0,0,0,0
MBFBa.000859l,46965,1718,12914,1144,8254,972,7394,1747,12822,0,0,0,0,0,0,0,0,0,0,0,0,0,0
MBFBa.000860l,25292,3577,4415,1551,3338,1483,3649,3001,4278,0,0,0,0,0,0,0,0,0,0,0,0,0,0
MBFBa.000861l,43528,14946,0,7249,0,8220,0,13113,0,0,0,0,0,0,0,0,0,0,0,0,0,0,0
MBFBa.000862l,78802,25422,89,16196,135,12353,0,24581,26,0,0,0,0,0,0,0,0,0,0,0,0,0,0
MBFBa.000863l,46265,5030,10549,2703,5252,2944,5156,5276,9355,0,0,0,0,0,0,0,0,0,0,0,0,0,0
MBFBa.000864l,31620,5398,4771,3092,2519,3099,2436,5270,5035,0,0,0,0,0,0,0,0,0,0,0,0,0,0
MBFBa.000865l,43247,14958,0,7234,0,8196,1,12857,1,0,0,0,0,0,0,0,0,0,0,0,0,0,0
MBFBa.000866l,41685,6018,7305,3398,3889,3261,4065,5866,7883,0,0,0,0,0,0,0,0,0,0,0,0,0,0
MBFBa.000867l,88586,6010,21843,3182,13641,3267,13804,6469,20370,0,0,0,0,0,0,0,0,0,0,0,0,0,0
MBFBa.000868l,30032,3525,5746,1511,4480,1494,3850,2987,6439,0,0,0,0,0,0,0,0,0,0,0,0,0,0
MBFBa.000869l,90496,1900,20632,2310,22728,1640,19287,1770,20229,0,0,0,0,0,0,0,0,0,0,0,0,0,0
MBFBa.000870l,35676,1711,10648,767,5419,814,5288,1618,9411,0,0,0,0,0,0,0,0,0,0,0,0,0,0
MBFBa.000871l,38390,2813,9993,1489,4744,1469,5341,2555,9986,0,0,0,0,0,0,0,0,0,0,0,0,0,0
MBFBa.000872l,68259,23463,0,11446,0,12951,1,20397,1,0,0,0,0,0,0,0,0,0,0,0,0,0,0
MBFBa.000873l,32040,2269,8622,1167,4485,1187,4507,2174,7629,0,0,0,0,0,0,0,0,0,0,0,0,0,0
MBFBa.000874l,29716,10318,0,4960,0,5664,1,8773,0,0,0,0,0,0,0,0,0,0,0,0,0,0,0
MBFBa.000875l,19015,792,4712,549,3379,548,3864,748,4423,0,0,0,0,0,0,0,0,0,0,0,0,0,0
MBFBa.000876l,80877,27773,0,13529,0,15291,0,24284,0,0,0,0,0,0,0,0,0,0,0,0,0,0,0
MBFBa.000877l,34578,5232,6016,3058,2885,3058,3306,5359,5664,0,0,0,0,0,0,0,0,0,0,0,0,0,0
MBFBa.000878l,46286,2756,11851,1409,7652,1435,7274,2922,10987,0,0,0,0,0,0,0,0,0,0,0,0,0,0
MBFBa.000879l,57688,20051,121,11023,125,9973,5,16336,54,0,0,0,0,0,0,0,0,0,0,0,0,0,0
MBFBa.000880l,49635,950,11154,1154,12783,819,10765,885,11125,0,0,0,0,0,0,0,0,0,0,0,0,0,0
MBFBa.000881l,31695,3568,6415,1559,4280,1500,4553,3008,6812,0,0,0,0,0,0,0,0,0,0,0,0,0,0
MBFBa.000882l,41252,12144,0,7901,0,6975,0,14232,0,0,0,0,0,0,0,0,0,0,0,0,0,0,0
MBFBa.000884l,29229,2969,5963,1468,4170,1537,3893,3543,5686,0,0,0,0,0,0,0,0,0,0,0,0,0,0
MBFBa.000885l,53355,4307,11715,2104,8678,2030,8511,3775,12235,0,0,0,0,0,0,0,0,0,0,0,0,0,0
MBFBa.000886l,48083,2337,12106,1310,7506,1260,7930,2408,13226,0,0,0,0,0,0,0,0,0,0,0,0,0,0
MBFBa.000887l,74982,5304,15572,4314,12384,4423,12728,5205,15052,0,0,0,0,0,0,0,0,0,0,0,0,0,0
MBFBa.000888l,37927,5271,7074,3098,3528,3092,3799,5398,6667,0,0,0,0,0,0,0,0,0,0,0,0,0,0
MBFBa.000889l,24418,7906,90,4885,38,3899,36,7470,94,0,0,0,0,0,0,0,0,0,0,0,0,0,0
MBFBa.000890l,36578,5270,6712,3099,3293,3092,3297,5399,6416,0,0,0,0,0,0,0,0,0,0,0,0,0,0
MBFBa.000891l,38026,955,10600,636,6636,639,6929,957,10674,0,0,0,0,0,0,0,0,0,0,0,0,0,0
MBFBa.000893l,29466,5339,4178,3044,2240,3042,2038,5215,4370,0,0,0,0,0,0,0,0,0,0,0,0,0,0
MBFBa.000894l,28167,3411,5192,1457,4190,1444,3551,2917,6005,0,0,0,0,0,0,0,0,0,0,0,0,0,0
MBFBa.000895l,22327,809,5987,563,3884,557,4334,778,5415,0,0,0,0,0,0,0,0,0,0,0,0,0,0
MBFBa.000896l,38343,11970,2,7027,0,6733,0,12609,2,0,0,0,0,0,0,0,0,0,0,0,0,0,0
MBFBa.000897l,55630,6970,10408,3869,5893,3824,5897,6939,11830,0,0,0,0,0,0,0,0,0,0,0,0,0,0
MBFBa.000898l,29561,4186,5467,2292,2850,2114,2919,3944,5789,0,0,0,0,0,0,0,0,0,0,0,0,0,0
MBFBa.000899l,44655,5334,9326,3135,4575,3144,4805,5488,8848,0,0,0,0,0,0,0,0,0,0,0,0,0,0
MBFBa.000900l,47292,14096,0,8980,0,7886,0,16330,0,0,0,0,0,0,0,0,0,0,0,0,0,0,0
MBFBa.000902l,34529,10246,0,6626,0,5827,0,11830,0,0,0,0,0,0,0,0,0,0,0,0,0,0,0
MBFBa.000903l,25226,8647,0,4184,0,4836,0,7559,0,0,0,0,0,0,0,0,0,0,0,0,0,0,0
MBFBa.000904l,37392,4207,7508,1984,4951,1934,5210,3616,7982,0,0,0,0,0,0,0,0,0,0,0,0,0,0
MBFBa.000905l,27206,3287,4433,1817,3864,1835,3412,3906,4652,0,0,0,0,0,0,0,0,0,0,0,0,0,0
MBFBa.000906l,35791,2084,10218,1035,5173,1068,5175,2004,9034,0,0,0,0,0,0,0,0,0,0,0,0,0,0
MBFBa.000907l,31489,4894,5348,2815,2552,2966,2985,4875,5054,0,0,0,0,0,0,0,0,0,0,0,0,0,0
MBFBa.000908l,29459,3549,5519,1524,4362,1506,3718,3011,6270,0,0,0,0,0,0,0,0,0,0,0,0,0,0
MBFBa.000909l,22245,500,5158,606,5471,429,4651,462,4968,0,0,0,0,0,0,0,0,0,0,0,0,0,0
MBFBa.000911l,31453,690,7240,837,7800,593,6626,639,7028,0,0,0,0,0,0,0,0,0,0,0,0,0,0
MBFBa.000912l,42631,5956,8082,3359,3701,3512,4294,6069,7658,0,0,0,0,0,0,0,0,0,0,0,0,0,0
MBFBa.000913l,24111,976,6858,439,3427,607,3705,968,7131,0,0,0,0,0,0,0,0,0,0,0,0,0,0
MBFBa.000914l,39541,2980,9006,1552,6369,1548,5814,2676,9596,0,0,0,0,0,0,0,0,0,0,0,0,0,0
MBFBa.000915l,31432,570,7046,693,8173,492,6866,531,7061,0,0,0,0,0,0,0,0,0,0,0,0,0,0
MBFBa.000916l,48208,5712,10154,3277,5022,3366,5358,5770,9549,0,0,0,0,0,0,0,0,0,0,0,0,0,0
MBFBa.000918l,34073,10242,0,6524,0,5684,0,11623,0,0,0,0,0,0,0,0,0,0,0,0,0,0,0
MBFBa.000919l,42233,12707,0,8001,0,6975,0,14550,0,0,0,0,0,0,0,0,0,0,0,0,0,0,0
MBFBa.000920l,24872,5245,2800,3066,1278,3071,1438,5374,2600,0,0,0,0,0,0,0,0,0,0,0,0,0,0
MBFBa.000921l,68339,20471,5,12833,0,11513,47,23450,20,0,0,0,0,0,0,0,0,0,0,0,0,0,0
MBFBa.000922l,54475,5745,12014,3414,6489,3231,5918,5726,11938,0,0,0,0,0,0,0,0,0,0,0,0,0,0
MBFBa.000924l,61909,18573,0,11687,0,10317,0,21332,0,0,0,0,0,0,0,0,0,0,0,0,0,0,0
MBFBa.000925l,43477,760,9865,923,11292,656,9487,709,9785,0,0,0,0,0,0,0,0,0,0,0,0,0,0
MBFBa.000927l,36477,12564,0,6151,0,6915,1,10845,1,0,0,0,0,0,0,0,0,0,0,0,0,0,0
MBFBa.000928l,42181,4753,8870,2885,4794,2754,4186,4767,9172,0,0,0,0,0,0,0,0,0,0,0,0,0,0
MBFBa.000929l,25528,979,7595,439,3492,609,4136,971,7307,0,0,0,0,0,0,0,0,0,0,0,0,0,0
MBFBa.000930l,41364,12432,0,7863,0,6904,1,14164,0,0,0,0,0,0,0,0,0,0,0,0,0,0,0
MBFBa.000931l,43487,950,9985,1155,10811,820,9170,885,9711,0,0,0,0,0,0,0,0,0,0,0,0,0,0
MBFBa.000932l,40935,12346,0,7746,0,6843,0,14000,0,0,0,0,0,0,0,0,0,0,0,0,0,0,0
MBFBa.000933l,29457,625,6683,760,7408,541,6298,585,6557,0,0,0,0,0,0,0,0,0,0,0,0,0,0
MBFBa.000934l,31974,3000,7054,1515,4186,1521,4826,3546,6326,0,0,0,0,0,0,0,0,0,0,0,0,0,0
MBFBa.000935l,55001,1018,12544,1224,14087,871,11915,952,12390,0,0,0,0,0,0,0,0,0,0,0,0,0,0
MBFBa.000936l,34562,2974,7443,1506,5280,1549,5331,3530,6949,0,0,0,0,0,0,0,0,0,0,0,0,0,0
MBFBa.000937l,41079,890,11668,605,7030,591,7614,820,11861,0,0,0,0,0,0,0,0,0,0,0,0,0,0
MBFBa.000939l,33659,1379,9666,884,5363,787,5055,1336,9189,0,0,0,0,0,0,0,0,0,0,0,0,0,0
MBFBa.000940l,24111,5221,2538,3055,1170,3056,1316,5355,2400,0,0,0,0,0,0,0,0,0,0,0,0,0,0
MBFBa.000941l,25558,1595,6396,792,3442,736,3610,1685,7302,0,0,0,0,0,0,0,0,0,0,0,0,0,0
MBFBa.000942l,35900,5381,6209,3080,3142,3089,3223,5259,6517,0,0,0,0,0,0,0,0,0,0,0,0,0,0
MBFBa.000943l,40423,4669,8348,2840,4557,2700,3949,4641,8719,0,0,0,0,0,0,0,0,0,0,0,0,0,0
MBFBa.000944l,31767,11126,0,5098,0,5848,0,9695,0,0,0,0,0,0,0,0,0,0,0,0,0,0,0
MBFBa.000945l,35929,1710,10726,767,5458,814,5324,1617,9513,0,0,0,0,0,0,0,0,0,0,0,0,0,0
MBFBa.000946l,27324,2982,5573,1752,3366,1724,2831,3162,5934,0,0,0,0,0,0,0,0,0,0,0,0,0,0
MBFBa.000948l,80993,7937,18005,4475,9806,4263,9308,7917,19282,0,0,0,0,0,0,0,0,0,0,0,0,0,0
MBFBa.000950l,36848,760,8337,924,9340,656,7882,708,8241,0,0,0,0,0,0,0,0,0,0,0,0,0,0
MBFBa.000951l,36456,10842,0,6998,0,6124,0,12492,0,0,0,0,0,0,0,0,0,0,0,0,0,0,0
MBFBa.000952l,51278,15789,2,9134,1,8521,1,17827,3,0,0,0,0,0,0,0,0,0,0,0,0,0,0
MBFBa.000953l,32784,3567,6738,1550,4485,1481,4753,2992,7218,0,0,0,0,0,0,0,0,0,0,0,0,0,0
MBFBa.000954l,38245,3816,7971,1806,5530,1789,5805,3237,8291,0,0,0,0,0,0,0,0,0,0,0,0,0,0
MBFBa.000955l,36276,1531,9526,848,6440,891,5993,1808,9239,0,0,0,0,0,0,0,0,0,0,0,0,0,0
MBFBa.000956l,35930,1774,10734,810,5382,863,5335,1681,9351,0,0,0,0,0,0,0,0,0,0,0,0,0,0
MBFBa.000957l,33835,3592,6981,1570,4702,1513,4952,3031,7494,0,0,0,0,0,0,0,0,0,0,0,0,0,0
MBFBa.000958l,34715,10303,0,6545,0,5931,0,11936,0,0,0,0,0,0,0,0,0,0,0,0,0,0,0
MBFBa.000959l,92431,7333,17333,6709,14954,6330,14584,7950,17238,0,0,0,0,0,0,0,0,0,0,0,0,0,0
MBFBa.000960l,37483,5381,6734,3080,3433,3089,3442,5258,7066,0,0,0,0,0,0,0,0,0,0,0,0,0,0
MBFBa.000961l,42228,12571,6,7990,1,7138,1,14516,5,0,0,0,0,0,0,0,0,0,0,0,0,0,0
MBFBa.000963l,43005,3638,9098,1621,7211,1560,6964,3102,9811,0,0,0,0,0,0,0,0,0,0,0,0,0,0
MBFBa.000964l,25924,2927,5535,1447,2896,1478,3409,3444,4788,0,0,0,0,0,0,0,0,0,0,0,0,0,0
MBFBa.000965l,66538,7792,13469,4404,7499,4183,7083,7732,14376,0,0,0,0,0,0,0,0,0,0,0,0,0,0
MBFBa.000966l,33202,1073,9930,658,5309,494,4710,1078,9950,0,0,0,0,0,0,0,0,0,0,0,0,0,0
MBFBa.000967l,74551,1415,16662,1314,15993,1847,18883,1523,16914,0,0,0,0,0,0,0,0,0,0,0,0,0,0
MBFBa.000968l,89786,27148,2,17578,2,14717,0,30336,3,0,0,0,0,0,0,0,0,0,0,0,0,0,0
MBFBa.000969l,103341,8359,24286,4807,14477,4605,13336,8227,25244,0,0,0,0,0,0,0,0,0,0,0,0,0,0
MBFBa.000971l,69269,7625,15273,4306,8214,4332,8084,7632,13803,0,0,0,0,0,0,0,0,0,0,0,0,0,0
MBFBa.000972l,45082,857,10128,800,9677,1135,11418,916,10151,0,0,0,0,0,0,0,0,0,0,0,0,0,0
MBFBa.000973l,88544,30456,0,15022,0,16849,2,26213,2,0,0,0,0,0,0,0,0,0,0,0,0,0,0
MBFBa.000974l,58966,1062,13243,984,12720,1386,15035,1140,13396,0,0,0,0,0,0,0,0,0,0,0,0,0,0
MBFBa.000975l,47820,14088,5,9165,3,7980,0,16575,4,0,0,0,0,0,0,0,0,0,0,0,0,0,0
MBFBa.000976l,36386,10884,4,7002,3,6086,7,12396,4,0,0,0,0,0,0,0,0,0,0,0,0,0,0
MBFBa.000977l,30740,775,8265,558,5890,565,5495,810,8382,0,0,0,0,0,0,0,0,0,0,0,0,0,0
MBFBa.000978l,29702,1571,8285,1050,4296,853,4086,1603,7958,0,0,0,0,0,0,0,0,0,0,0,0,0,0
MBFBa.000979l,65840,19397,0,12519,0,11036,0,22888,0,0,0,0,0,0,0,0,0,0,0,0,0,0,0
MBFBa.000980l,37545,3458,7794,1868,5574,1919,5272,4051,7609,0,0,0,0,0,0,0,0,0,0,0,0,0,0
MBFBa.000981l,43434,13040,6,8145,0,7256,8,14978,1,0,0,0,0,0,0,0,0,0,0,0,0,0,0
MBFBa.000982l,31180,3565,6108,1543,4658,1515,3967,3012,6812,0,0,0,0,0,0,0,0,0,0,0,0,0,0
MBFBa.000983l,39027,13510,0,6569,0,7340,0,11608,0,0,0,0,0,0,0,0,0,0,0,0,0,0,0
MBFBa.000984l,36428,2058,10466,1019,5304,1056,5251,1995,9279,0,0,0,0,0,0,0,0,0,0,0,0,0,0
MBFBa.000985l,28599,1685,8389,736,4096,793,3999,1595,7306,0,0,0,0,0,0,0,0,0,0,0,0,0,0
MBFBa.000986l,41545,14389,9,6998,2,7871,7,12262,7,0,0,0,0,0,0,0,0,0,0,0,0,0,0
MBFBa.000987l,52194,15525,1,9939,1,8752,1,17970,5,0,0,0,0,0,0,0,0,0,0,0,0,0,0
MBFBa.000988l,60733,21040,1,10122,1,11576,1,17988,4,0,0,0,0,0,0,0,0,0,0,0,0,0,0
MBFBa.000989l,29072,3525,5415,1511,4291,1494,3652,2986,6198,0,0,0,0,0,0,0,0,0,0,0,0,0,0
MBFBa.000990l,34679,2587,8607,1493,4645,1523,4062,2836,8926,0,0,0,0,0,0,0,0,0,0,0,0,0,0
MBFBa.000991l,29265,10062,0,4946,0,5545,1,8711,0,0,0,0,0,0,0,0,0,0,0,0,0,0,0
MBFBa.000992l,48375,4720,11045,2865,5962,2728,5375,4721,10959,0,0,0,0,0,0,0,0,0,0,0,0,0,0
MBFBa.000993l,72948,4107,19399,2388,10401,2410,11581,3928,18734,0,0,0,0,0,0,0,0,0,0,0,0,0,0
MBFBa.000994l,71730,21399,0,13593,0,12005,2,24731,0,0,0,0,0,0,0,0,0,0,0,0,0,0,0
MBFBa.000996l,52198,2697,13852,1453,8727,1378,8149,2397,13545,0,0,0,0,0,0,0,0,0,0,0,0,0,0
MBFBa.000997l,34866,4278,7118,2555,3317,2653,3868,4334,6743,0,0,0,0,0,0,0,0,0,0,0,0,0,0
MBFBa.000998l,38575,11505,0,7348,0,6458,0,13264,0,0,0,0,0,0,0,0,0,0,0,0,0,0,0
MBFBa.000999l,46908,15872,10,8010,2,8778,5,14225,6,0,0,0,0,0,0,0,0,0,0,0,0,0,0
MBFBa.001000l,46348,897,10433,939,10673,1013,11017,908,10468,0,0,0,0,0,0,0,0,0,0,0,0,0,0
MBFBa.001001l,38832,1733,10299,942,6810,970,6484,1980,9614,0,0,0,0,0,0,0,0,0,0,0,0,0,0
MBFBa.001002l,33332,4047,6547,2442,3785,2365,3236,3972,6938,0,0,0,0,0,0,0,0,0,0,0,0,0,0
MBFBa.001003l,73202,6845,16303,3935,8859,4102,9833,6968,16357,0,0,0,0,0,0,0,0,0,0,0,0,0,0
MBFBa.001004l,56265,16801,1,10622,0,9551,1,19289,0,0,0,0,0,0,0,0,0,0,0,0,0,0,0
MBFBa.001005l,33264,11504,1,5661,0,6278,2,9816,2,0,0,0,0,0,0,0,0,0,0,0,0,0,0
MBFBa.001006l,39148,3617,8214,1934,5672,1985,5396,4206,8124,0,0,0,0,0,0,0,0,0,0,0,0,0,0
MBFBa.001007l,47866,14150,0,9090,0,8105,0,16521,0,0,0,0,0,0,0,0,0,0,0,0,0,0,0
MBFBa.001008l,39601,5797,7241,3188,3716,3345,3585,5981,6748,0,0,0,0,0,0,0,0,0,0,0,0,0,0
MBFBa.001009l,30571,2159,7161,1168,4258,1146,4210,2228,8241,0,0,0,0,0,0,0,0,0,0,0,0,0,0
MBFBa.001010l,45649,15672,3,7534,1,8748,0,13690,1,0,0,0,0,0,0,0,0,0,0,0,0,0,0
MBFBa.001011l,28275,1901,6686,943,4623,903,5059,1623,6537,0,0,0,0,0,0,0,0,0,0,0,0,0,0
MBFBa.001013l,50185,3062,12556,1741,8055,1569,7385,3355,12462,0,0,0,0,0,0,0,0,0,0,0,0,0,0
MBFBa.001014l,50362,14191,987,9103,426,7950,404,16469,832,0,0,0,0,0,0,0,0,0,0,0,0,0,0
MBFBa.001015l,31331,787,8776,553,5567,545,5900,751,8452,0,0,0,0,0,0,0,0,0,0,0,0,0,0
MBFBa.001017l,54457,18639,85,8956,18,10070,22,16581,86,0,0,0,0,0,0,0,0,0,0,0,0,0,0
MBFBa.001018l,42121,12504,0,7959,1,7167,0,14489,1,0,0,0,0,0,0,0,0,0,0,0,0,0,0
MBFBa.001019l,44218,3090,11329,1823,6137,1782,5528,3255,11274,0,0,0,0,0,0,0,0,0,0,0,0,0,0
MBFBa.001020l,26423,9181,1,4341,0,5061,1,7837,1,0,0,0,0,0,0,0,0,0,0,0,0,0,0
MBFBa.001021l,33269,976,9827,439,5005,607,5488,968,9959,0,0,0,0,0,0,0,0,0,0,0,0,0,0
MBFBa.001022l,38846,13281,125,7582,165,6782,49,10804,58,0,0,0,0,0,0,0,0,0,0,0,0,0,0
MBFBa.001023l,29445,775,7806,558,5614,565,5295,810,8022,0,0,0,0,0,0,0,0,0,0,0,0,0,0
MBFBa.001024l,41408,12247,0,7816,0,6966,0,14379,0,0,0,0,0,0,0,0,0,0,0,0,0,0,0
MBFBa.001025l,44667,885,9956,820,9516,1155,11232,950,10153,0,0,0,0,0,0,0,0,0,0,0,0,0,0
MBFBa.001026l,49613,14767,0,9483,0,8320,0,17043,0,0,0,0,0,0,0,0,0,0,0,0,0,0,0
MBFBa.001027l,53977,4311,11920,2065,8788,2039,8618,3740,12496,0,0,0,0,0,0,0,0,0,0,0,0,0,0
MBFBa.001028l,43413,5712,8248,3261,4384,3235,4268,5611,8694,0,0,0,0,0,0,0,0,0,0,0,0,0,0
MBFBa.001029l,53445,3680,12894,1992,8312,2031,8489,4229,11818,0,0,0,0,0,0,0,0,0,0,0,0,0,0
MBFBa.001030l,28386,1747,8029,792,4172,845,3912,1650,7239,0,0,0,0,0,0,0,0,0,0,0,0,0,0
MBFBa.001031l,59429,1061,13329,982,12860,1385,15248,1140,13424,0,0,0,0,0,0,0,0,0,0,0,0,0,0
MBFBa.001032l,64220,19015,0,12268,0,10806,0,22131,0,0,0,0,0,0,0,0,0,0,0,0,0,0,0
MBFBa.001033l,88849,13082,12013,10850,9044,11033,8712,13069,11046,0,0,0,0,0,0,0,0,0,0,0,0,0,0
MBFBa.001034l,33482,1571,9421,1050,5080,853,4739,1603,9165,0,0,0,0,0,0,0,0,0,0,0,0,0,0
MBFBa.001035l,80167,27624,1,13668,4,14917,2,23950,1,0,0,0,0,0,0,0,0,0,0,0,0,0,0
MBFBa.001036l,35235,431,9365,348,7592,384,7777,372,8966,0,0,0,0,0,0,0,0,0,0,0,0,0,0
MBFBa.001038l,36704,5269,6805,3098,3286,3093,3302,5399,6452,0,0,0,0,0,0,0,0,0,0,0,0,0,0
MBFBa.001039l,62335,18799,0,11789,0,10477,0,21267,3,0,0,0,0,0,0,0,0,0,0,0,0,0,0
MBFBa.001041l,46822,4208,10451,1984,6726,1934,6980,3616,10923,0,0,0,0,0,0,0,0,0,0,0,0,0,0
MBFBa.001042l,25986,1402,7400,630,3417,754,3976,1436,6971,0,0,0,0,0,0,0,0,0,0,0,0,0,0
MBFBa.001043l,36417,708,8140,656,7765,924,9161,760,8303,0,0,0,0,0,0,0,0,0,0,0,0,0,0
MBFBa.001044l,28085,9658,6,4766,1,5364,5,8278,7,0,0,0,0,0,0,0,0,0,0,0,0,0,0
MBFBa.001045l,48346,6041,9325,3520,5244,3395,4928,5952,9941,0,0,0,0,0,0,0,0,0,0,0,0,0,0
MBFBa.001046l,22373,7677,2,3737,0,4250,0,6707,0,0,0,0,0,0,0,0,0,0,0,0,0,0,0
MBFBa.001047l,21105,810,5271,565,3802,558,4227,775,5097,0,0,0,0,0,0,0,0,0,0,0,0,0,0
MBFBa.001048l,34891,3805,7162,1719,4715,1644,5000,3238,7608,0,0,0,0,0,0,0,0,0,0,0,0,0,0
MBFBa.001049l,28545,932,7923,618,5239,604,5063,916,7250,0,0,0,0,0,0,0,0,0,0,0,0,0,0
MBFBa.001050l,36616,4207,7266,1984,4815,1934,5084,3616,7710,0,0,0,0,0,0,0,0,0,0,0,0,0,0
MBFBa.001051l,59787,17915,0,11415,0,9968,0,20489,0,0,0,0,0,0,0,0,0,0,0,0,0,0,0
MBFBa.001052l,40206,13365,44,6778,29,7937,15,11998,40,0,0,0,0,0,0,0,0,0,0,0,0,0,0
MBFBa.001053l,41312,5382,7733,3079,4427,3089,4122,5258,8222,0,0,0,0,0,0,0,0,0,0,0,0,0,0
MBFBa.001054l,45391,3696,10111,2000,6604,2046,7017,4256,9661,0,0,0,0,0,0,0,0,0,0,0,0,0,0
MBFBa.001055l,25796,570,5737,693,6490,492,5526,531,5757,0,0,0,0,0,0,0,0,0,0,0,0,0,0
MBFBa.001057l,52225,6969,9655,3868,5128,3825,5300,6937,10543,0,0,0,0,0,0,0,0,0,0,0,0,0,0
MBFBa.001058l,40026,161,10794,169,8823,186,9128,169,10596,0,0,0,0,0,0,0,0,0,0,0,0,0,0
MBFBa.001059l,39767,13673,0,6609,0,7578,0,11907,0,0,0,0,0,0,0,0,0,0,0,0,0,0,0
MBFBa.001060l,41949,5452,8061,3264,4405,3088,3819,5441,8419,0,0,0,0,0,0,0,0,0,0,0,0,0,0
MBFBa.001061l,33000,11386,0,5594,0,6189,0,9831,0,0,0,0,0,0,0,0,0,0,0,0,0,0,0
MBFBa.001062l,42533,5060,8508,2791,4606,2584,4794,4824,9366,0,0,0,0,0,0,0,0,0,0,0,0,0,0
MBFBa.001063l,38393,11278,524,6821,214,5994,184,12699,679,0,0,0,0,0,0,0,0,0,0,0,0,0,0
MBFBa.001064l,33061,11518,5,5489,0,6331,2,9714,2,0,0,0,0,0,0,0,0,0,0,0,0,0,0
MBFBa.001065l,53159,4765,11151,2415,8372,2333,8185,4238,11700,0,0,0,0,0,0,0,0,0,0,0,0,0,0
MBFBa.001066l,40051,11888,0,7710,0,6680,0,13773,0,0,0,0,0,0,0,0,0,0,0,0,0,0,0
MBFBa.001067l,52917,18110,0,8795,0,10043,0,15969,0,0,0,0,0,0,0,0,0,0,0,0,0,0,0
MBFBa.001068l,34159,2613,8361,1511,4559,1539,3972,2854,8750,0,0,0,0,0,0,0,0,0,0,0,0,0,0
MBFBa.001069l,44890,5429,9119,3253,4923,3079,4277,5417,9393,0,0,0,0,0,0,0,0,0,0,0,0,0,0
MBFBa.001070l,112825,3407,23872,3475,22966,3932,27168,3765,24240,0,0,0,0,0,0,0,0,0,0,0,0,0,0
MBFBa.001071l,116452,9168,27504,5222,16096,4977,15949,8939,28597,0,0,0,0,0,0,0,0,0,0,0,0,0,0
MBFBa.001072l,35053,5310,6152,3120,3037,3133,3016,5456,5829,0,0,0,0,0,0,0,0,0,0,0,0,0,0
MBFBa.001073l,33460,5397,5256,3092,2986,3098,2743,5269,5619,0,0,0,0,0,0,0,0,0,0,0,0,0,0
MBFBa.001074l,28113,3482,5345,1510,3872,1468,3395,2953,6088,0,0,0,0,0,0,0,0,0,0,0,0,0,0
MBFBa.001075l,39643,930,11114,621,7327,625,6709,971,11346,0,0,0,0,0,0,0,0,0,0,0,0,0,0
MBFBa.001076l,51352,4209,11517,1994,7730,1953,7761,3632,12556,0,0,0,0,0,0,0,0,0,0,0,0,0,0
MBFBa.001077l,47440,1048,10698,1292,11872,911,10068,981,10570,0,0,0,0,0,0,0,0,0,0,0,0,0,0
MBFBa.001079l,50741,2470,14715,1301,7676,1341,7685,2374,13179,0,0,0,0,0,0,0,0,0,0,0,0,0,0
MBFBa.001080l,48465,1762,13087,992,7829,1152,8628,1720,13295,0,0,0,0,0,0,0,0,0,0,0,0,0,0
MBFBa.001081l,53818,16309,83,9706,20,8933,22,18660,85,0,0,0,0,0,0,0,0,0,0,0,0,0,0
MBFBa.001082l,28110,807,8207,482,4276,543,4460,779,8556,0,0,0,0,0,0,0,0,0,0,0,0,0,0
MBFBa.001083l,36895,12658,0,6180,0,7041,0,11016,0,0,0,0,0,0,0,0,0,0,0,0,0,0,0
MBFBa.001084l,22266,531,4926,492,4617,694,5369,569,5068,0,0,0,0,0,0,0,0,0,0,0,0,0,0
MBFBa.001085l,34608,2310,9387,1189,4924,1228,4937,2235,8398,0,0,0,0,0,0,0,0,0,0,0,0,0,0
MBFBa.001086l,49485,3282,12091,1868,7778,1730,7135,3668,11933,0,0,0,0,0,0,0,0,0,0,0,0,0,0
MBFBa.001087l,38935,5961,6732,3393,3245,3524,3735,6060,6285,0,0,0,0,0,0,0,0,0,0,0,0,0,0
MBFBa.001088l,29724,3548,5624,1524,4394,1506,3751,3011,6366,0,0,0,0,0,0,0,0,0,0,0,0,0,0
MBFBa.001089l,49526,6346,9408,3687,5420,3530,4909,6238,9988,0,0,0,0,0,0,0,0,0,0,0,0,0,0
MBFBa.001090l,32448,559,7294,513,7002,718,8290,601,7471,0,0,0,0,0,0,0,0,0,0,0,0,0,0
MBFBa.001091l,33372,1741,8078,983,5880,968,5229,1650,8843,0,0,0,0,0,0,0,0,0,0,0,0,0,0
MBFBa.001092l,29214,2595,6631,1310,3952,1305,4582,2948,5891,0,0,0,0,0,0,0,0,0,0,0,0,0,0
MBFBa.001093l,35023,1468,7691,1359,6794,1165,6597,1807,8142,0,0,0,0,0,0,0,0,0,0,0,0,0,0
MBFBa.001094l,43512,2372,11470,1238,7410,1273,6974,2282,10493,0,0,0,0,0,0,0,0,0,0,0,0,0,0
MBFBa.001095l,56814,3579,15383,1857,8355,1901,8214,3611,13914,0,0,0,0,0,0,0,0,0,0,0,0,0,0
MBFBa.001096l,36659,11762,0,6624,0,5764,0,12507,2,0,0,0,0,0,0,0,0,0,0,0,0,0,0
MBFBa.001097l,40321,11903,0,7691,0,6857,0,13870,0,0,0,0,0,0,0,0,0,0,0,0,0,0,0
MBFBa.001098l,37284,3593,7610,1597,5841,1539,5832,3056,8216,0,0,0,0,0,0,0,0,0,0,0,0,0,0
MBFBa.001099l,37517,1722,10372,921,6443,962,6136,1623,9338,0,0,0,0,0,0,0,0,0,0,0,0,0,0
MBFBa.001100l,31903,9456,0,6041,0,5390,0,11016,0,0,0,0,0,0,0,0,0,0,0,0,0,0,0
MBFBa.001101l,32430,9740,36,6195,8,5338,16,11081,16,0,0,0,0,0,0,0,0,0,0,0,0,0,0
MBFBa.001102l,41044,760,9215,924,10637,656,8943,708,9201,0,0,0,0,0,0,0,0,0,0,0,0,0,0
MBFBa.001103l,28559,2461,6086,1147,4687,1162,4067,2160,6789,0,0,0,0,0,0,0,0,0,0,0,0,0,0
MBFBa.001104l,52059,6939,10461,3825,5273,3868,5028,6970,9695,0,0,0,0,0,0,0,0,0,0,0,0,0,0
MBFBa.001105l,40250,11993,0,7700,0,6725,0,13832,0,0,0,0,0,0,0,0,0,0,0,0,0,0,0
MBFBa.001106l,37683,954,9829,636,6718,639,7152,957,10798,0,0,0,0,0,0,0,0,0,0,0,0,0,0
MBFBa.001107l,28462,8562,1,5333,1,4797,0,9764,4,0,0,0,0,0,0,0,0,0,0,0,0,0,0
MBFBa.001108l,33505,5495,5468,3033,2850,2803,2920,5147,5789,0,0,0,0,0,0,0,0,0,0,0,0,0,0
MBFBa.001109l,31011,5311,4589,3022,2690,3023,2358,5181,4837,0,0,0,0,0,0,0,0,0,0,0,0,0,0
MBFBa.001110l,28896,3094,5189,1705,4283,1728,3855,3656,5386,0,0,0,0,0,0,0,0,0,0,0,0,0,0
MBFBa.001111l,38703,4207,7977,1984,5253,1934,5488,3616,8244,0,0,0,0,0,0,0,0,0,0,0,0,0,0
MBFBa.001112l,34741,968,10560,607,5663,439,5091,976,10437,0,0,0,0,0,0,0,0,0,0,0,0,0,0
MBFBa.001113l,37736,11211,0,7225,0,6356,0,12944,0,0,0,0,0,0,0,0,0,0,0,0,0,0,0
MBFBa.001114l,42537,14756,0,7195,0,8027,0,12559,0,0,0,0,0,0,0,0,0,0,0,0,0,0,0
MBFBa.001115l,33612,1427,8415,857,6058,851,5418,1435,9151,0,0,0,0,0,0,0,0,0,0,0,0,0,0
MBFBa.001116l,37313,11077,0,7136,0,6230,0,12870,0,0,0,0,0,0,0,0,0,0,0,0,0,0,0
MBFBa.001117l,39660,2794,10915,1339,5418,1387,5375,2804,9628,0,0,0,0,0,0,0,0,0,0,0,0,0,0
MBFBa.001118l,31995,10978,1,5379,5,6098,2,9532,0,0,0,0,0,0,0,0,0,0,0,0,0,0,0
MBFBa.001119l,43318,6579,7229,3726,3836,3655,3989,6533,7771,0,0,0,0,0,0,0,0,0,0,0,0,0,0
MBFBa.001120l,34219,976,10276,439,5011,607,5574,968,10368,0,0,0,0,0,0,0,0,0,0,0,0,0,0
MBFBa.001121l,21012,7048,321,3492,102,3198,86,6555,210,0,0,0,0,0,0,0,0,0,0,0,0,0,0
MBFBa.001122l,31847,5315,4849,3078,2575,3054,2627,5176,5173,0,0,0,0,0,0,0,0,0,0,0,0,0,0
MBFBa.001123l,15414,4390,0,3619,0,3227,0,4178,0,0,0,0,0,0,0,0,0,0,0,0,0,0,0
MBFBa.001124l,29690,10319,0,4966,0,5619,0,8786,0,0,0,0,0,0,0,0,0,0,0,0,0,0,0
MBFBa.001126l,28948,601,6639,718,7213,513,6157,559,6548,0,0,0,0,0,0,0,0,0,0,0,0,0,0
MBFBa.001127l,39528,13592,0,6435,0,7567,0,11934,0,0,0,0,0,0,0,0,0,0,0,0,0,0,0
MBFBa.001128l,59956,837,15735,703,12677,772,12892,711,15629,0,0,0,0,0,0,0,0,0,0,0,0,0,0
MBFBa.001129l,28337,9755,1,4683,0,5381,0,8517,0,0,0,0,0,0,0,0,0,0,0,0,0,0,0
MBFBa.001130l,39585,5398,7258,3092,4045,3099,3774,5269,7650,0,0,0,0,0,0,0,0,0,0,0,0,0,0
MBFBa.001131l,43134,1161,12199,719,7804,708,7301,1181,12061,0,0,0,0,0,0,0,0,0,0,0,0,0,0
MBFBa.001132l,78464,26840,0,13012,0,14938,0,23674,0,0,0,0,0,0,0,0,0,0,0,0,0,0,0
MBFBa.001133l,36004,6263,5232,3616,3086,3453,2654,6147,5553,0,0,0,0,0,0,0,0,0,0,0,0,0,0
MBFBa.001134l,43899,12935,0,8325,0,7486,0,15153,0,0,0,0,0,0,0,0,0,0,0,0,0,0,0
MBFBa.001135l,41619,6826,6673,3797,3413,3744,3418,6757,6991,0,0,0,0,0,0,0,0,0,0,0,0,0,0
MBFBa.001136l,41598,4764,8994,2743,4095,2882,4680,4757,8683,0,0,0,0,0,0,0,0,0,0,0,0,0,0
MBFBa.001137l,40608,13889,4,6373,0,7460,1,12879,2,0,0,0,0,0,0,0,0,0,0,0,0,0,0
MBFBa.001138l,33658,5898,5061,3298,2416,3470,2806,5967,4742,0,0,0,0,0,0,0,0,0,0,0,0,0,0
MBFBa.001139l,19684,895,5468,465,2850,453,2919,846,5788,0,0,0,0,0,0,0,0,0,0,0,0,0,0
MBFBa.001140l,32021,2993,7201,1758,4064,1725,3507,3168,7605,0,0,0,0,0,0,0,0,0,0,0,0,0,0
MBFBa.001141l,51644,1810,14133,1221,9102,1061,8265,1898,14154,0,0,0,0,0,0,0,0,0,0,0,0,0,0
MBFBa.001142l,43251,3822,10241,2236,4958,2325,5509,3852,10308,0,0,0,0,0,0,0,0,0,0,0,0,0,0
MBFBa.001143l,29265,5313,4098,3024,2337,3023,2014,5179,4277,0,0,0,0,0,0,0,0,0,0,0,0,0,0
MBFBa.001144l,25764,7668,0,4937,0,4269,0,8890,0,0,0,0,0,0,0,0,0,0,0,0,0,0,0
MBFBa.001145l,26504,7797,34,5004,22,4437,16,9159,35,0,0,0,0,0,0,0,0,0,0,0,0,0,0
MBFBa.001146l,35431,2157,8390,1203,5320,1165,5387,2267,9542,0,0,0,0,0,0,0,0,0,0,0,0,0,0
MBFBa.001147l,40359,3211,8980,1662,6054,1689,6455,3782,8526,0,0,0,0,0,0,0,0,0,0,0,0,0,0
MBFBa.001148l,33263,1323,9718,727,5207,583,4564,1336,9805,0,0,0,0,0,0,0,0,0,0,0,0,0,0
MBFBa.001149l,28823,910,8283,561,4330,615,4525,927,8672,0,0,0,0,0,0,0,0,0,0,0,0,0,0
MBFBa.001150l,29869,871,8523,593,5052,582,5664,821,7763,0,0,0,0,0,0,0,0,0,0,0,0,0,0
MBFBa.001151l,26748,8400,3,4561,4,5821,5,7951,3,0,0,0,0,0,0,0,0,0,0,0,0,0,0
MBFBa.001152l,36820,2748,8875,1370,4862,1311,5013,2746,9895,0,0,0,0,0,0,0,0,0,0,0,0,0,0
MBFBa.001153l,32016,775,8508,558,6113,565,5527,810,9160,0,0,0,0,0,0,0,0,0,0,0,0,0,0
MBFBa.001154l,29189,4673,4772,2799,2446,2859,2393,4769,4478,0,0,0,0,0,0,0,0,0,0,0,0,0,0
MBFBa.001155l,37458,2164,9540,1067,5317,1036,5368,2150,10816,0,0,0,0,0,0,0,0,0,0,0,0,0,0
MBFBa.001156l,26653,7960,4,5007,2,4415,1,9264,0,0,0,0,0,0,0,0,0,0,0,0,0,0,0
MBFBa.001157l,50357,6115,9687,3410,5444,3267,5467,5964,11003,0,0,0,0,0,0,0,0,0,0,0,0,0,0
MBFBa.001158l,23408,785,6188,506,3774,533,3743,805,7074,0,0,0,0,0,0,0,0,0,0,0,0,0,0
MBFBa.001159l,27936,1695,6747,867,4666,822,5098,1428,6613,0,0,0,0,0,0,0,0,0,0,0,0,0,0
MBFBa.001160l,38124,760,8662,924,9691,656,8184,708,8539,0,0,0,0,0,0,0,0,0,0,0,0,0,0
MBFBa.001161l,29147,8813,0,5450,0,4857,0,10027,0,0,0,0,0,0,0,0,0,0,0,0,0,0,0
MBFBa.001162l,44322,708,9978,656,9682,924,11517,760,10097,0,0,0,0,0,0,0,0,0,0,0,0,0,0
MBFBa.001163l,32434,760,7420,924,7986,656,6774,708,7206,0,0,0,0,0,0,0,0,0,0,0,0,0,0
MBFBa.001164l,39815,5270,7792,3099,3801,3092,4039,5399,7323,0,0,0,0,0,0,0,0,0,0,0,0,0,0
MBFBa.001165l,51068,2398,13734,1259,8584,1305,8052,2320,13416,0,0,0,0,0,0,0,0,0,0,0,0,0,0
MBFBa.001166l,27528,8868,13,4872,2,4927,7,8830,9,0,0,0,0,0,0,0,0,0,0,0,0,0,0
MBFBa.001167l,69797,1369,15604,1276,14815,1789,17521,1474,15949,0,0,0,0,0,0,0,0,0,0,0,0,0,0
MBFBa.001168l,40283,1688,10900,1124,6975,951,6302,1714,10629,0,0,0,0,0,0,0,0,0,0,0,0,0,0
MBFBa.001169l,39573,2296,10612,1379,5672,1391,5125,2592,10506,0,0,0,0,0,0,0,0,0,0,0,0,0,0
MBFBa.001170l,35886,1582,10272,745,4968,842,5531,1599,10347,0,0,0,0,0,0,0,0,0,0,0,0,0,0
MBFBa.001171l,69821,1329,15751,1618,17930,1148,15119,1239,15687,0,0,0,0,0,0,0,0,0,0,0,0,0,0
MBFBa.001172l,29124,4341,5435,2077,2905,1956,2876,4191,5343,0,0,0,0,0,0,0,0,0,0,0,0,0,0
MBFBa.001173l,41023,2305,9821,1285,6385,1251,6761,2396,10819,0,0,0,0,0,0,0,0,0,0,0,0,0,0
MBFBa.001174l,40474,13867,0,6855,1,7682,0,12069,0,0,0,0,0,0,0,0,0,0,0,0,0,0,0
MBFBa.001175l,32390,1224,8436,768,5971,801,5580,1442,8168,0,0,0,0,0,0,0,0,0,0,0,0,0,0
MBFBa.001176l,50218,2497,14539,1319,7508,1367,7557,2414,13017,0,0,0,0,0,0,0,0,0,0,0,0,0,0
MBFBa.001177l,23241,695,5798,477,4525,511,3968,710,6557,0,0,0,0,0,0,0,0,0,0,0,0,0,0
MBFBa.001178l,29817,729,6711,899,7305,635,6245,680,6613,0,0,0,0,0,0,0,0,0,0,0,0,0,0
MBFBa.001179l,36440,12608,1,6126,0,6854,0,10851,0,0,0,0,0,0,0,0,0,0,0,0,0,0,0
MBFBa.001180l,34451,1711,10245,767,5194,814,5054,1618,9048,0,0,0,0,0,0,0,0,0,0,0,0,0,0
MBFBa.001181l,26482,9181,0,4432,1,5055,0,7813,0,0,0,0,0,0,0,0,0,0,0,0,0,0,0
MBFBa.001182l,30582,4363,4113,3743,3143,3769,3191,4270,3990,0,0,0,0,0,0,0,0,0,0,0,0,0,0
MBFBa.001183l,46067,15905,0,7756,0,8811,0,13595,0,0,0,0,0,0,0,0,0,0,0,0,0,0,0
MBFBa.001184l,51454,5986,10690,3367,5218,3519,5790,6100,10784,0,0,0,0,0,0,0,0,0,0,0,0,0,0
MBFBa.001185l,26181,9009,0,4466,1,4997,0,7705,3,0,0,0,0,0,0,0,0,0,0,0,0,0,0
MBFBa.001186l,46166,3999,10921,2386,5359,2453,5948,4083,11017,0,0,0,0,0,0,0,0,0,0,0,0,0,0
MBFBa.001187l,43731,13737,3,8047,0,6876,0,15068,0,0,0,0,0,0,0,0,0,0,0,0,0,0,0
MBFBa.001188l,81837,28121,0,13657,0,15348,0,24711,0,0,0,0,0,0,0,0,0,0,0,0,0,0,0
MBFBa.001189l,41925,12428,0,7990,0,7097,0,14410,0,0,0,0,0,0,0,0,0,0,0,0,0,0,0
MBFBa.001190l,34573,11944,1,5776,3,6573,0,10276,0,0,0,0,0,0,0,0,0,0,0,0,0,0,0
MBFBa.001191l,35020,1618,9210,814,5165,767,5315,1711,10420,0,0,0,0,0,0,0,0,0,0,0,0,0,0
MBFBa.001192l,31195,9341,0,5892,0,5121,0,10841,0,0,0,0,0,0,0,0,0,0,0,0,0,0,0
MBFBa.001193l,51731,3680,12486,1992,7913,2031,8008,4229,11392,0,0,0,0,0,0,0,0,0,0,0,0,0,0
MBFBa.001194l,36146,12471,0,6105,0,6882,0,10688,0,0,0,0,0,0,0,0,0,0,0,0,0,0,0
MBFBa.001195l,28885,1982,5026,2153,4687,2073,5498,2242,5224,0,0,0,0,0,0,0,0,0,0,0,0,0,0
MBFBa.001196l,42755,3603,9093,1618,7097,1549,6932,3077,9786,0,0,0,0,0,0,0,0,0,0,0,0,0,0
MBFBa.001197l,41590,6161,7247,3544,4070,3395,3518,6027,7628,0,0,0,0,0,0,0,0,0,0,0,0,0,0
MBFBa.001198l,28168,8423,0,5284,0,4752,0,9708,1,0,0,0,0,0,0,0,0,0,0,0,0,0,0
MBFBa.001199l,26474,570,5958,693,6697,492,5647,531,5886,0,0,0,0,0,0,0,0,0,0,0,0,0,0
MBFBa.001200l,31326,9220,0,5846,0,5392,0,10868,0,0,0,0,0,0,0,0,0,0,0,0,0,0,0
MBFBa.001201l,43435,169,11648,186,9869,169,9527,161,11706,0,0,0,0,0,0,0,0,0,0,0,0,0,0
MBFBa.001202l,34986,931,9466,624,6228,626,6466,934,9711,0,0,0,0,0,0,0,0,0,0,0,0,0,0
MBFBa.001203l,57996,2521,16132,1356,9883,1412,9335,2463,14894,0,0,0,0,0,0,0,0,0,0,0,0,0,0
MBFBa.001204l,40622,1156,12264,667,6623,517,6072,1158,12165,0,0,0,0,0,0,0,0,0,0,0,0,0,0
MBFBa.001205l,34973,12208,1,5771,1,6689,0,10302,1,0,0,0,0,0,0,0,0,0,0,0,0,0,0
MBFBa.001206l,49980,1935,13552,1070,8005,1236,8762,1829,13591,0,0,0,0,0,0,0,0,0,0,0,0,0,0
MBFBa.001207l,33333,3903,6706,2346,3858,2277,3306,3859,7078,0,0,0,0,0,0,0,0,0,0,0,0,0,0
MBFBa.001208l,31247,775,8552,558,6040,564,5625,810,8323,0,0,0,0,0,0,0,0,0,0,0,0,0,0
MBFBa.001209l,20312,2887,2924,1435,2526,1490,2353,3483,3214,0,0,0,0,0,0,0,0,0,0,0,0,0,0
MBFBa.001210l,35434,12063,0,6061,0,6791,0,10519,0,0,0,0,0,0,0,0,0,0,0,0,0,0,0
MBFBa.001211l,45243,770,11676,822,9631,712,9299,828,11505,0,0,0,0,0,0,0,0,0,0,0,0,0,0
MBFBa.001212l,22324,1528,6297,670,3203,709,3222,1443,5252,0,0,0,0,0,0,0,0,0,0,0,0,0,0
MBFBa.001213l,25910,5182,3199,3023,1475,3022,1655,5310,3044,0,0,0,0,0,0,0,0,0,0,0,0,0,0
MBFBa.001214l,27021,723,7304,494,4572,499,4813,729,7887,0,0,0,0,0,0,0,0,0,0,0,0,0,0
MBFBa.001215l,41642,3634,8917,1595,6911,1565,6710,3057,9253,0,0,0,0,0,0,0,0,0,0,0,0,0,0
MBFBa.001216l,33243,9857,0,6270,0,5647,0,11469,0,0,0,0,0,0,0,0,0,0,0,0,0,0,0
MBFBa.001217l,41309,2225,10544,1224,5973,1196,6055,2323,11769,0,0,0,0,0,0,0,0,0,0,0,0,0,0
MBFBa.001218l,24905,3557,4914,2973,2881,1724,2880,3268,2708,0,0,0,0,0,0,0,0,0,0,0,0,0,0
MBFBa.001219l,24634,487,5439,455,5340,645,6341,524,5403,0,0,0,0,0,0,0,0,0,0,0,0,0,0
MBFBa.001220l,40498,4255,8149,2050,6097,1996,5507,3692,8752,0,0,0,0,0,0,0,0,0,0,0,0,0,0
MBFBa.001221l,43948,13098,0,8359,0,7368,0,15123,0,0,0,0,0,0,0,0,0,0,0,0,0,0,0
MBFBa.001222l,43293,4087,7508,3428,6515,3340,6364,3938,8113,0,0,0,0,0,0,0,0,0,0,0,0,0,0
MBFBa.001223l,54928,6940,11583,3824,5719,3869,5710,6971,10312,0,0,0,0,0,0,0,0,0,0,0,0,0,0
MBFBa.001224l,39735,4631,8156,2814,4460,2683,3869,4595,8527,0,0,0,0,0,0,0,0,0,0,0,0,0,0
MBFBa.001225l,54793,2432,14889,1280,9255,1342,8677,2374,14544,0,0,0,0,0,0,0,0,0,0,0,0,0,0
MBFBa.001226l,39604,4670,8414,2709,3818,2850,4408,4690,8045,0,0,0,0,0,0,0,0,0,0,0,0,0,0
MBFBa.001227l,14095,4116,106,3367,40,3229,46,3090,101,0,0,0,0,0,0,0,0,0,0,0,0,0,0
MBFBa.001228l,29424,1995,7224,1155,4297,1190,4948,2164,6451,0,0,0,0,0,0,0,0,0,0,0,0,0,0
MBFBa.001229l,32332,3567,6583,1549,4411,1481,4684,2992,7065,0,0,0,0,0,0,0,0,0,0,0,0,0,0
MBFBa.001230l,49618,2917,12300,1654,7432,1667,7953,3237,12458,0,0,0,0,0,0,0,0,0,0,0,0,0,0
MBFBa.001231l,58390,2565,15050,1471,9220,1412,9657,2640,16375,0,0,0,0,0,0,0,0,0,0,0,0,0,0
MBFBa.001232l,27712,1980,7564,981,3876,998,3946,1895,6472,0,0,0,0,0,0,0,0,0,0,0,0,0,0
MBFBa.001233l,31560,760,7187,926,7722,658,6603,708,6996,0,0,0,0,0,0,0,0,0,0,0,0,0,0
MBFBa.001234l,25164,7470,0,4736,0,4332,1,8625,0,0,0,0,0,0,0,0,0,0,0,0,0,0,0
MBFBa.001235l,30565,531,6850,492,6657,694,7889,570,6882,0,0,0,0,0,0,0,0,0,0,0,0,0,0
MBFBa.001236l,42626,3621,9430,1937,6311,1991,6154,4217,8965,0,0,0,0,0,0,0,0,0,0,0,0,0,0
MBFBa.001237l,39766,3636,8488,1595,6440,1565,6106,3056,8880,0,0,0,0,0,0,0,0,0,0,0,0,0,0
MBFBa.001238l,18283,6354,1,2589,0,2749,0,6589,1,0,0,0,0,0,0,0,0,0,0,0,0,0,0
MBFBa.001239l,37904,2020,11010,995,5628,1018,5499,1945,9789,0,0,0,0,0,0,0,0,0,0,0,0,0,0
MBFBa.001240l,34291,377,8648,396,7571,356,7371,441,9131,0,0,0,0,0,0,0,0,0,0,0,0,0,0
MBFBa.001241l,32219,1886,7614,1051,5562,1030,4960,1753,8363,0,0,0,0,0,0,0,0,0,0,0,0,0,0
MBFBa.001242l,32345,4284,6214,2555,2980,2658,3508,4339,5807,0,0,0,0,0,0,0,0,0,0,0,0,0,0
MBFBa.001243l,39045,3616,8064,1934,5775,1984,5524,4208,7940,0,0,0,0,0,0,0,0,0,0,0,0,0,0
MBFBa.001244l,20019,382,4495,349,4261,487,5031,411,4603,0,0,0,0,0,0,0,0,0,0,0,0,0,0
MBFBa.001245l,24754,775,6264,557,4950,564,4489,810,6345,0,0,0,0,0,0,0,0,0,0,0,0,0,0
MBFBa.001246l,29801,597,7639,505,6145,555,6094,585,7681,0,0,0,0,0,0,0,0,0,0,0,0,0,0
MBFBa.001247l,17772,4848,105,3971,64,3846,60,4773,105,0,0,0,0,0,0,0,0,0,0,0,0,0,0
MBFBa.001248l,23513,382,5312,349,5086,487,6028,411,5458,0,0,0,0,0,0,0,0,0,0,0,0,0,0
MBFBa.001249l,21924,380,4944,462,5707,328,4808,354,4941,0,0,0,0,0,0,0,0,0,0,0,0,0,0
MBFBa.001250l,13315,190,2973,231,3567,164,2972,177,3041,0,0,0,0,0,0,0,0,0,0,0,0,0,0
MBFBa.001251l,33287,535,8794,479,6936,525,7054,513,8451,0,0,0,0,0,0,0,0,0,0,0,0,0,0
MBFBa.001252l,17431,3815,354,3877,102,3810,97,5122,254,0,0,0,0,0,0,0,0,0,0,0,0,0,0
